West Gulf of Mexico;None
East Gulf of Mexico;None
Coast of Cuba;None
South Atlantic Coast;None
Coast of Puerto Rico;None
Coast of Bermuda;None
North Atlantic Coast;None
Coast of New Brunswick;None
Sea9;None
Sea10;None
Sea11;None
Sea12;None
Sea13;None
Sea14;None
Sea15;None
Sea16;None
Sea17;None
Coast of Quebec;None
Coast of Nova Scotia;None
Sea20;None
Sea21;None
Sea22;None
Sea23;None
Sea24;None
Sea25;None
Sea26;None
Sea27;None
Sea28;None
Sea29;None
Sea30;None
Sea31;None
Sea32;None
Sea33;None
Sea34;None
Sea35;None
Sea36;None
Sea37;None
Sea38;None
Sea39;None
Sea40;None
Sea41;None
Sea42;None
Sea43;None
Sea44;None
Sea45;None
Sea46;None
Sea47;None
Sea48;None
Sea49;None
Sea50;None
Sea51;None
Sea52;None
Sea53;None
Sea54;None
Sea55;None
Sea56;None
Sea57;None
Sea58;None
Sea59;None
Sea60;None
Sea61;None
Sea62;None
Sea63;None
Sea64;None
Sea65;None
Sea66;None
Sea67;None
Sea68;None
Sea69;None
Sea70;None
Sea71;None
Sea72;None
Sea73;None
Sea74;None
Sea75;None
Sea76;None
Sea77;None
Sea78;None
Sea79;None
Sea80;None
Sea81;None
Sea82;None
Sea83;None
Sea84;None
Sea85;None
Sea86;None
Sea87;None
Sea88;None
Sea89;None
Sea90;None
Sea91;None
Sea92;None
Sea93;None
Sea94;None
Sea95;None
Coast of Hawaii;None
Sea97;None
Sea98;None
Sea99;None
Sea100;None
Sea101;None
Sea102;None
Sea103;None
Sea104;None
Sea105;None
Sea106;None
Sea107;None
Sea108;None
Sea109;None
Sea110;None
Sea111;None
Quabbin Reservoir;None
Lake Lanier;None
Lake Superior;None
Lake Michigan;None
Lake Huron;None
Lake St Clair;None
Lake Erie;None
Lake Ontario;None
Lake Nipissing;None
Lake Champlain;None
Lake Simcoe;None
Gouin Reservoir;None
Lake Saint-Jean;None
Lake Mistassini;None
Lake Manicouagan;None
Smallwood Reservoir;None
Lake Melville;None
North Quebec Lakes;None
Lake Nipigon;None
Lake Winnipeg;None
Lake of the Woods;None
Red Lakes;None
Mille Lacs Lake;None
Lake Winnebago;None
North Manitoba Lakes;None
Reindeer Lake;None
North Saskatchewan Lakes;None
Nunavut Lakes;None
Lake Athabasca;None
Great Slave Lake;None
Great Bear Lake;None
Iliamna Lake;None
Becharof Lake;None
Great Salt Lake;None
Pyramid Lake;None
Tahoe Lake;None
Salton Sea;None
Sam Rayburn Reservoir;None
Toledo Bend Reservoir;None
Lake Pontchartrain;None
Lake Okeechobee;None
Leech Lakes;None
Finger Lakes;None
Waste1;None
Waste2;None
Waste3;None
Waste4;None
Waste5;None
Waste6;None
Waste7;None
Waste8;None
Waste9;None
Waste10;None
Waste11;None
Waste12;None
Waste13;None
Waste14;None
Waste15;None
Waste16;None
Waste17;None
Waste18;None
Waste19;None
Waste20;None
Waste21;None
Waste22;None
Waste23;None
Waste24;None
Waste25;None
Waste26;None
Waste27;None
Waste28;None
Waste29;None
Waste30;None
Waste31;None
Waste32;None
Waste33;None
Waste34;None
Waste35;None
Waste36;None
Waste37;None
Waste38;None
Waste39;None
Waste40;None
Waste41;None
Waste42;None
Waste43;None
Waste44;None
Waste45;None
Waste46;None
Waste47;None
Waste48;None
Waste49;None
Waste50;None
Waste51;None
Waste52;None
Waste53;None
Waste54;None
Waste55;None
Waste56;None
Waste57;None
DE_New Castle;Philadelphian
DE_Sussex;East Chesapeake
DE_Kent;East Chesapeake
PA_Erie;Erie
PA_Crawford;Erie
PA_Mercer;Erie
PA_Lawrence;Erie
PA_Beaver;Pittsburgher
PA_Washington;Pittsburgher
PA_Greene;Central West Virginian
PA_Venango;Erie
PA_Butler;Pittsburgher
PA_Allegheny;Pittsburgher
PA_Warren;Erie
PA_Forest;Erie
PA_Clarion;Erie
PA_Armstrong;Pittsburgher
PA_Westmoreland;Pittsburgher
PA_Fayette;Pittsburgher
PA_Jefferson;Wild Pennsylvanian
PA_Indiana;Pittsburgher
PA_McKean;Wild Pennsylvanian
PA_Elk;Wild Pennsylvanian
PA_Clearfield;Wild Pennsylvanian
PA_Cambria;Penn-Appalachian
PA_Somerset;Penn-Appalachian
PA_Bedford;Penn-Appalachian
PA_Blair;Penn-Appalachian
PA_Centre;Wild Pennsylvanian
PA_Clinton;Wild Pennsylvanian
PA_Cameron;Wild Pennsylvanian
PA_Potter;Wild Pennsylvanian
PA_Tioga;Wild Pennsylvanian
PA_Lycoming;Wild Pennsylvanian
PA_Union;Wild Pennsylvanian
PA_Mifflin;Penn-Appalachian
PA_Huntington;Penn-Appalachian
PA_Fulton;Penn-Appalachian
PA_Franklin;Penn Dutch
PA_Adams;Penn Dutch
PA_Cumberland;Penn Dutch
PA_Perry;Penn Dutch
PA_Juniata;Penn-Appalachian
PA_Snyder;Penn-Appalachian
PA_Northumberland;Coal Pennsylvanian
PA_Montour;Coal Pennsylvanian
PA_Susquehanna;Coal Pennsylvanian
PA_Columbia;Coal Pennsylvanian
PA_Sullivan;Coal Pennsylvanian
PA_Bradford;Coal Pennsylvanian
PA_Wyoming;Coal Pennsylvanian
PA_Luzerne;Coal Pennsylvanian
PA_Schuylkill;Coal Pennsylvanian
PA_Dauphin;Penn Dutch
PA_York;Penn Dutch
PA_Lancaster;Penn Dutch
PA_Lebanon;Penn Dutch
PA_Berks;Penn Dutch
PA_Chester;Philadelphian
PA_Delaware;Philadelphian
PA_Montgomery;Philadelphian
PA_Philadelphia;Philadelphian
PA_Bucks;Philadelphian
PA_Lehigh;Coal Pennsylvanian
PA_Carbon;Coal Pennsylvanian
PA_Northampton;Coal Pennsylvanian
PA_Monroe;Coal Pennsylvanian
PA_Lackawanna;Coal Pennsylvanian
PA_Wayne;Coal Pennsylvanian
PA_Pike;Coal Pennsylvanian
NJ_Sussex;Newark-Jersian
NJ_Pasaaic;New Yorker
NJ_Bergen;New Yorker
NJ_Hudson;New Yorker
NJ_Essex;Newark-Jersian
NJ_Morris;Newark-Jersian
NJ_Warren;Coal Pennsylvanian
NJ_Hunferdon;Newark-Jersian
NJ_Somerset;Newark-Jersian
NJ_Union;Newark-Jersian
NJ_Middlesex;Newark-Jersian
NJ_Mercer;Newark-Jersian
NJ_Monmouth;Newark-Jersian
NJ_Ocean;Newark-Jersian
NJ_Burlington;Philadelphian
NJ_Camden;Philadelphian
NJ_Gloucester;Philadelphian
NJ_Salem;Philadelphian
NJ_Cumberland;South Jerseyan
NJ_Cape May;South Jerseyan
NJ_Atlantic;South Jerseyan
GA_Raubin;Appalachia Georgian
GA_Habersham;Appalachia Georgian
GA_Stephens;East Georgian
GA_Franklin;East Georgian
GA_Hart;East Georgian
GA_Elbert;East Georgian
GA_Lincoln;Augustan
GA_Columbia;Augustan
GA_Richmond;Augustan
GA_Burke;Augustan
GA_Emanuel;Middle Georgian
GA_Effingham;Coastal Georgian
GA_Chatham;Coastal Georgian
GA_Toombs;Middle Georgian
GA_Liberty;Coastal Georgian
GA_McIntosh;Coastal Georgian
GA_Glynn;Coastal Georgian
GA_Camden;Coastal Georgian
GA_Charlton;South Georgian
GA_Brantley;South Georgian
GA_Wayne;Middle Georgian
GA_Long;Coastal Georgian
GA_Tattnall;Middle Georgian
GA_Evans;Middle Georgian
GA_Candler;Middle Georgian
GA_Bulloch;Coastal Georgian
GA_Jenkins;Middle Georgian
GA_Screven;Coastal Georgian
GA_Jefferson;East Georgian
GA_McDuffie;Augustan
GA_Wilkes;East Georgian
GA_Fannin;Appalachia Georgian
GA_Madison;East Georgian
GA_Banks;East Georgian
GA_Hall;East Georgian
GA_White;Appalachia Georgian
GA_Towns;Appalachia Georgian
GA_Union;Appalachia Georgian
GA_Lumpkin;Appalachia Georgian
GA_Dawson;Appalachia Georgian
GA_Forsyth;Atlantan
GA_Gwinnett;Atlantan
GA_Barrow;Atlantan
GA_Jackson;East Georgian
GA_Clarke;East Georgian
GA_Oconee;East Georgian
GA_Greene;East Georgian
GA_Taliaferro;East Georgian
GA_Warren;East Georgian
GA_Glascock;East Georgian
GA_Hancock;East Georgian
GA_Washington;East Georgian
GA_Johnson;Middle Georgian
GA_Oglethorpe;East Georgian
GA_Treutlen;Middle Georgian
GA_Bryan;Coastal Georgian
GA_Appling;Middle Georgian
GA_Pierce;South Georgian
GA_Laurens;Middle Georgian
GA_Clinch;South Georgian
GA_Atkinson;South Georgian
GA_Coffee;South Georgian
GA_Bacon;South Georgian
GA_Jeff Davis;Middle Georgian
GA_Montomgery;Middle Georgian
GA_Wheeler;Middle Georgian
GA_Ware;South Georgian
GA_Wilkinson;Middle Georgian
GA_Baldwin;Middle Georgian
GA_Putnam;Middle Georgian
GA_Morgan;Atlantan
GA_Walton;Atlantan
GA_Rockdale;Atlantan
GA_Dekalb;Atlantan
GA_Fulton;Atlantan
GA_Cherokee;Atlantan
GA_Pickens;Appalachia Georgian
GA_Gilmer;Appalachia Georgian
GA_Murray;North Alabaman
GA_Gordon;Appalachia Georgian
GA_Bartlow;Appalachia Georgian
GA_Cobb;Atlantan
GA_Clayton;Atlantan
GA_Henry;Atlantan
GA_Newton;Atlantan
GA_Jasper;Atlantan
GA_Jones;Middle Georgian
GA_Twiggs;Middle Georgian
GA_Bleckley;Middle Georgian
GA_Dodge;Middle Georgian
GA_Telfair;Middle Georgian
GA_Benhill;South Georgian
GA_Irwin;South Georgian
GA_Berrien;South Georgian
GA_Lanier;South Georgian
GA_Echols;South Georgian
GA_Lowndes;South Georgian
GA_Cook;South Georgian
GA_Tift;South Georgian
GA_Turner;South Georgian
GA_Wilcox;Middle Georgian
GA_Pulaski;Middle Georgian
GA_Houston;Middle Georgian
GA_Bibb;Middle Georgian
GA_Monroe;Middle Georgian
GA_Butts;Atlantan
GA_Whitfield;North Alabaman
GA_Catoosa;North Alabaman
GA_Walker;North Alabaman
GA_Dade;North Alabaman
GA_Chattooga;Appalachia Georgian
GA_Floyd;Appalachia Georgian
GA_Polk;Appalachia Georgian
GA_Paulding;Atlantan
GA_Douglas;Atlantan
GA_Carroll;Atlantan
GA_Haralson;Atlantan
GA_Heard;Atlantan
GA_Coweta;Atlantan
GA_Fayette;Atlantan
GA_Spalding;Atlantan
GA_Lamar;Atlantan
GA_Pike;Atlantan
GA_Upson;Middle Georgian
GA_Crawford;Middle Georgian
GA_Peach;Middle Georgian
GA_Macon;Middle Georgian
GA_Dooly;Middle Georgian
GA_Crisp;Middle Georgian
GA_Worth;South Georgian
GA_Colquitt;South Georgian
GA_Brooks;South Georgian
GA_Thomas;South Georgian
GA_Mitchell;South Georgian
GA_Dougherty;South Georgian
GA_Lee;South Georgian
GA_Sumter;Middle Georgian
GA_Schley;Middle Georgian
GA_Taylor;Middle Georgian
GA_Talbot;Middle Georgian
GA_Meriwether;Atlantan
GA_Troup;Middle Georgian
GA_Harris;Middle Georgian
GA_Muscogee;Middle Georgian
GA_Chattahoochee;Middle Georgian
GA_Marion;Middle Georgian
GA_Webster;Middle Georgian
GA_Terrell;South Georgian
GA_Calhoun;South Georgian
GA_Baker;South Georgian
GA_Miller;South Georgian
GA_Grady;South Georgian
GA_Decatur;South Georgian
GA_Seminole;South Georgian
GA_Early;South Georgian
GA_Clay;Middle Georgian
GA_Randolph;Middle Georgian
GA_Quitman;Middle Georgian
GA_Stewart;Middle Georgian
CT_Northeastern;Connecticuter
CT_Southeastern;Connecticuter
CT_Capitol;Connecticuter
CT_Lower River Valley;Connecticuter
CT_South Central;Connecticuter
CT_Naugatuck Valley;Connecticuter
CT_Metropolitan;Connecticuter
CT_Western;Connecticuter
MA_Essex;Bostonite
MA_Boston;Bostonite
MA_Norfolk;Bostonite
MA_Plymouth;Bostonite
MA_Barnstable;Massachusite
MA_Dukes;Massachusite
MA_Nantucket;Massachusite
MA_Bristol;Massachusite
MA_Middlesex;Bostonite
MA_Worchester;Massachusite
MA_Franklin;Massachusite
MA_Hampshire;Massachusite
MA_Hampden;Massachusite
MA_Berkshire;Massachusite
MD_Cecil;Philadelphian
MD_Kent;East Chesapeake
MD_Queen Annes;East Chesapeake
MD_Caroline;East Chesapeake
MD_Talbot;East Chesapeake
MD_Dorchester;East Chesapeake
MD_Wicomico;East Chesapeake
MD_Somerset;East Chesapeake
MD_Worchester;East Chesapeake
MD_Harford;Baltimorean
MD_Baltimore;Baltimorean
MD_Baltimore City;Baltimorean
MD_Anne Arundel;Baltimorean
MD_Calvert;Potomac
MD_St Marys;Potomac
MD_Charles;Potomac
MD_Prince Georges;Potomac
MD_Howard;Baltimorean
MD_Carroll;Baltimorean
MD_Frederick;Potomac
MD_Montgomery;Potomac
MD_DC;Potomac
MD_Washington;Shenandoah
MD_Allegany;Shenandoah
MD_Garrett;Shenandoah
SC_York;Metrolinan
SC_Cherokee;Upstate South Carolinan
SC_Spartanburg;Upstate South Carolinan
SC_Greenville;Upstate South Carolinan
SC_Pickens;Appalachia Carolinan
SC_Oconee;Appalachia Carolinan
SC_Anderson;Upstate South Carolinan
SC_Abbeville;Upstate South Carolinan
SC_McCormick;Augustan
SC_Edgefield;Augustan
SC_Aiken;Augustan
SC_Barnwell;South Low Carolinan
SC_Allendale;South Low Carolinan
SC_Hampton;South Low Carolinan
SC_Jasper;South Low Carolinan
SC_Beaufort;South Low Carolinan
SC_Colleton;South Low Carolinan
SC_Charleston;Charlestonian
SC_X1;None
SC_Georgetown;South Low Carolinan
SC_Horry;South Low Carolinan
SC_Dillon;South Low Carolinan
SC_Marlboro;South Low Carolinan
SC_Chesterfield;Metrolinan
SC_Lancaster;Metrolinan
SC_Chester;Metrolinan
SC_Union;Upstate South Carolinan
SC_Laurens;Upstate South Carolinan
SC_Greenwood;Upstate South Carolinan
SC_Saluda;Columbia Carolinan
SC_Lexington;Columbia Carolinan
SC_Orangeburg;South Low Carolinan
SC_Bamberg;South Low Carolinan
SC_Dorchester;Charlestonian
SC_Berkeley;Charlestonian
SC_Williamsburg;South Low Carolinan
SC_Marion;South Low Carolinan
SC_Florence;South Low Carolinan
SC_Darlington;South Low Carolinan
SC_Lee;South Low Carolinan
SC_Kershaw;Columbia Carolinan
SC_Fairfield;Columbia Carolinan
SC_Newberry;Columbia Carolinan
SC_Richland;Columbia Carolinan
SC_Calhoun;Columbia Carolinan
SC_Clarendon;South Low Carolinan
SC_Sumpter;South Low Carolinan
NH_Coos;New Hampshirite
NH_Grafton;New Hampshirite
NH_Sullivan;New Hampshirite
NH_Chershire;New Hampshirite
NH_Hillsborough;New Hampshirite
NH_Rockingham;New Hampshirite
NH_Strattford;New Hampshirite
NH_Carroll;New Hampshirite
NH_Beiknap;New Hampshirite
NH_Merrimack;New Hampshirite
VA_Frederick;Shenandoah
VA_Shenandoah;Shenandoah
VA_Rockingham;Shenandoah
VA_Augusta;Shenandoah
VA_Highland;Shenandoah
VA_Bath;Shenandoah
VA_Alleghany;Shenandoah
VA_Craig;Western Virginian
VA_Giles;Western Virginian
VA_Bland;Western Virginian
VA_Tazewell;Western Virginian
VA_Buchanan;Western Virginian
VA_Dicenson;Western Virginian
VA_Wise;Western Virginian
VA_Lee;Western Virginian
VA_Scott;East Tennesseean
VA_Washington;East Tennesseean
VA_Grayson;Western Virginian
VA_Carroll;Western Virginian
VA_Patrick;Western Virginian
VA_Henry;Central Virginian
VA_Pittsylvania;Central Virginian
VA_Hallifax;Central Virginian
VA_Mecklenburg;Central Virginian
VA_Brunswick;Central Virginian
VA_Greensville;Central Virginian
VA_Southampton;Virginia Beacher
VA_Suffolk;Virginia Beacher
VA_Chesapeake;Virginia Beacher
VA_Virginia Beach;Virginia Beacher
VA_Isle of Wight;Virginia Beacher
VA_Surry;Virginia Beacher
VA_Prince George;Richmonder
VA_Chesterfield;Richmonder
VA_Henrico;Richmonder
VA_Charles City;Richmonder
VA_James City;Virginia Beacher
VA_York;Virginia Beacher
VA_Newport News;Virginia Beacher
VA_King William;Richmonder
VA_King and Queen;Richmonder
VA_Glouchester;Virginia Beacher
VA_Middlesex;West Chesapeake
VA_Essex;West Chesapeake
VA_King George;West Chesapeake
VA_Westmoreland;West Chesapeake
VA_Richmond;West Chesapeake
VA_Lancaster;West Chesapeake
VA_Northumberland;West Chesapeake
VA_Stafford;Potomac
VA_Prince William;Potomac
VA_Fairfax;Potomac
VA_Loudon;Potomac
VA_Clarke;Shenandoah
VA_Fauquier;Potomac
VA_Warren;Shenandoah
VA_Page;Shenandoah
VA_Greene;Central Virginian
VA_Albemarle;Central Virginian
VA_Nelson;Central Virginian
VA_Rockbridge;Shenandoah
VA_Amherst;Central Virginian
VA_Botetourt;Shenandoah
VA_Roanoke;Shenandoah
VA_Montgomery;Western Virginian
VA_Pulaski;Western Virginian
VA_Wythe;Western Virginian
VA_Smyth;Western Virginian
VA_Russel;Western Virginian
VA_Floyd;Western Virginian
VA_Franklin;Western Virginian
VA_Bedford;Central Virginian
VA_Campbell;Central Virginian
VA_Charlotte;Central Virginian
VA_Lunenburg;Central Virginian
VA_Nottoway;Central Virginian
VA_Dinwiddie;Richmonder
VA_Sussex;Richmonder
VA_Amelia;Richmonder
VA_Powhattan;Richmonder
VA_Goochland;Richmonder
VA_Hanover;Richmonder
VA_Caroline;West Chesapeake
VA_Spotsylvania;Central Virginian
VA_Culpeper;Potomac
VA_Rappahannock;Potomac
VA_Madison;Potomac
VA_Orange;Central Virginian
VA_Louisa;Central Virginian
VA_Fluvanna;Central Virginian
VA_Buckingham;Central Virginian
VA_Appomattox;Central Virginian
VA_Prince Edward;Central Virginian
VA_Cumberland;Central Virginian
VA_Matthews;Virginia Beacher
VA_Northampton;East Chesapeake
VA_Accomack;East Chesapeake
VA_Richmond City;Richmonder
VA_Emporia;None
VA_Petersburg;None
VA_Franklin;None
VA_Colonial Heights;None
VA_Hopewell;None
VA_Portsmouth;Virginia Beacher
VA_Norfolk;Virginia Beacher
VA_Hampton;Virginia Beacher
VA_Poquoson;None
VA_Williamsburg;None
VA_Fredericksburg;None
VA_Manassas;None
VA_Manassas Park;None
VA_Fairfax City;None
VA_Alexandria;None
VA_Arlington;Potomac
VA_Falls Church;None
VA_Winchester;None
VA_Harrisonburg;None
VA_Staunton;None
VA_Waynesboro;None
VA_Charlottesville;None
VA_Covington;None
VA_Lexington;None
VA_Buena Vista;None
VA_Salem;None
VA_Roanoke City;None
VA_Radford;None
VA_Norton;None
VA_Bristol;None
VA_Galax;None
VA_Martinsville;None
VA_Bedford City;None
VA_Lynchburg;None
VA_Danville;None
NY_Clinton;North New Yorker
NY_Franklin;North New Yorker
NY_St Lawrence;North New Yorker
NY_Jefferson;North New Yorker
NY_Oswego;Syracusan
NY_Cayuga;Syracusan
NY_Wayne;Rochesterian
NY_Monroe;Rochesterian
NY_Orlaens;Rochesterian
NY_Niagara;Buffalonian
NY_Erie;Buffalonian
NY_Chautauqua;Buffalonian
NY_Cattaraugus;Buffalonian
NY_Allegany;Buffalonian
NY_Steuben;South Upstater
NY_Chemung;South Upstater
NY_Tioga;South Upstater
NY_Broome;South Upstater
NY_Delaware;South Upstater
NY_Sullivan;Hudsonian
NY_Orange;None
NY_Rockland;New Yorker
NY_Westchester;New Yorker
NY_Putnam;New Yorker
NY_Dutchess;Hudsonian
NY_Columbia;Hudsonian
NY_Rensselaer;Albanian
NY_Washington;Albanian
NY_Warren;Albanian
NY_Essex;North New Yorker
NY_Hamilton;North New Yorker
NY_Herkimer;North New Yorker
NY_Lewis;North New Yorker
NY_Oneida;North New Yorker
NY_Madison;Syracusan
NY_Onondaga;Syracusan
NY_Seneca;Rochesterian
NY_Ontario;Rochesterian
NY_Livingston;Rochesterian
NY_Genessee;Rochesterian
NY_Wyoming;Buffalonian
NY_Yates;Rochesterian
NY_Schuyler;Syracusan
NY_Tompkins;Syracusan
NY_Cortland;Syracusan
NY_Chenango;South Upstater
NY_Otsego;South Upstater
NY_Schoharie;Albanian
NY_Montgomery;Albanian
NY_Fulton;Albanian
NY_Saratoga;Albanian
NY_Schenectady;Albanian
NY_Albany;Albanian
NY_Greene;Hudsonian
NY_Ulster;Hudsonian
NY_Bronx;New Yorker
NY_Manhattan;New Yorker
NY_Staten Island;New Yorker
NY_Brooklyn;New Yorker
NY_Queens;New Yorker
NY_Nassau;Long Islander
NY_Suffolk;Long Islander
CT_Northwest Hills;Connecticuter
NC_Currituck;Virginia Beacher
NC_Camden;Virginia Beacher
NC_Pasquotank;Virginia Beacher
NC_Perquimans;Virginia Beacher
NC_Chowan;North Low Carolinan
NC_Gates;Virginia Beacher
NC_Hertford;North Low Carolinan
NC_Northampton;North Low Carolinan
NC_Warren;Research Trianglian
NC_Vance;Research Trianglian
NC_Granville;Research Trianglian
NC_Person;Research Trianglian
NC_Caswell;Piedmontese
NC_Rockingham;Piedmontese
NC_Stokes;Piedmontese
NC_Surry;Appalachia Carolinan
NC_Alleghany;Appalachia Carolinan
NC_Ashe;Appalachia Carolinan
NC_Watauga;Appalachia Carolinan
NC_Avery;Appalachia Carolinan
NC_Mitchell;Appalachia Carolinan
NC_Yancey;Appalachia Carolinan
NC_Madison;Appalachia Carolinan
NC_Haywood;Appalachia Carolinan
NC_Swain;Appalachia Carolinan
NC_Graham;Appalachia Carolinan
NC_Cherokee;Appalachia Carolinan
NC_Clay;Appalachia Carolinan
NC_Macon;Appalachia Carolinan
NC_Jackson;Appalachia Carolinan
NC_Transylvania;Appalachia Carolinan
NC_Henderson;Appalachia Carolinan
NC_Polk;Appalachia Carolinan
NC_Rutherford;Appalachia Carolinan
NC_Cleveland;Metrolinan
NC_Gaston;Metrolinan
NC_Mecklenburg;Metrolinan
NC_Union;Metrolinan
NC_Anson;Metrolinan
NC_Richmond;Middle Low Carolinan
NC_Scotland;Middle Low Carolinan
NC_Robeson;Middle Low Carolinan
NC_Columbus;Middle Low Carolinan
NC_Brunswick;South Low Carolinan
NC_New Hannover;Frontier Alaskan
NC_Pender;Middle Low Carolinan
NC_Onslow;Middle Low Carolinan
NC_Carteret;North Low Carolinan
NC_Craven;North Low Carolinan
NC_Pamailco;North Low Carolinan
NC_Beaufort;North Low Carolinan
NC_Hyde;North Low Carolinan
NC_Dare;Virginia Beacher
NC_Tyrell;North Low Carolinan
NC_Washington;North Low Carolinan
NC_Bertie;North Low Carolinan
NC_Halifax;North Low Carolinan
NC_Nash;North Low Carolinan
NC_Franklin;Research Trianglian
NC_Wake;Research Trianglian
NC_Durham;Research Trianglian
NC_Orange;Research Trianglian
NC_Alamance;Piedmontese
NC_Guilford;Piedmontese
NC_Forsyth;Piedmontese
NC_Yadkin;Piedmontese
NC_Wilkes;Appalachia Carolinan
NC_Caldwell;Appalachia Carolinan
NC_Burke;Appalachia Carolinan
NC_McDowell;Appalachia Carolinan
NC_Buncombe;Appalachia Carolinan
NC_Catawba;Metrolinan
NC_Lincoln;Metrolinan
NC_Alexander;Metrolinan
NC_Iredall;Metrolinan
NC_Davie;Piedmontese
NC_Davidson;Piedmontese
NC_Rowan;Metrolinan
NC_Cabarrus;Metrolinan
NC_Stanly;Metrolinan
NC_Montgomery;Piedmontese
NC_Randolph;Piedmontese
NC_Chatham;Research Trianglian
NC_Lee;Middle Low Carolinan
NC_Moore;Middle Low Carolinan
NC_Hoke;Middle Low Carolinan
NC_Cumberland;Middle Low Carolinan
NC_Harnett;Middle Low Carolinan
NC_Bladen;Middle Low Carolinan
NC_Sampson;Middle Low Carolinan
NC_Duplin;Middle Low Carolinan
NC_Wayne;North Low Carolinan
NC_Johnston;Research Trianglian
NC_Wilson;North Low Carolinan
NC_Edgecombe;North Low Carolinan
NC_Martin;North Low Carolinan
NC_Pitt;North Low Carolinan
NC_Greene;North Low Carolinan
NC_Lenoir;North Low Carolinan
NC_Jones;North Low Carolinan
RI_Washington;Rhode Islander
RI_Kent;Rhode Islander
RI_Providence;Rhode Islander
RI_Bristol;None
RI_Newport;Rhode Islander
VT_Grand Isle;Vermonter
VT_Franklin;Vermonter
VT_Orleans;Vermonter
VT_Essex;Vermonter
VT_Caledonia;Vermonter
VT_Orange;Vermonter
VT_Windsor;Vermonter
VT_Windham;Vermonter
VT_Bennington;Vermonter
VT_Rutland;Vermonter
VT_Addison;Vermonter
VT_Chittenden;Vermonter
VT_Lamoille;Vermonter
VT_Washington;Vermonter
KY_Campbell;Cincinattian
KY_Kenton;Cincinattian
KY_Boone;Cincinattian
KY_Gallatin;Cincinattian
KY_Carroll;Louivillian
KY_Trimble;Louivillian
KY_Oldham;Louivillian
KY_Jefferson;Louivillian
KY_Bullitt;Louivillian
KY_Hardin;Louivillian
KY_Meade;Louivillian
KY_Brekinridge;Central Kentuckian
KY_Hancock;Central Kentuckian
KY_Daviess;Central Kentuckian
KY_Henderson;South Hoosier
KY_Union;Central Kentuckian
KY_Crittenden;Central Kentuckian
KY_Livingston;Purchase Kentuckian
KY_McCracken;Purchase Kentuckian
KY_Ballard;Purchase Kentuckian
KY_Carlisle;Purchase Kentuckian
KY_Hickman;Purchase Kentuckian
KY_Fulton;Purchase Kentuckian
KY_Graves;Purchase Kentuckian
KY_Calloway;Purchase Kentuckian
KY_Trigg;Central Kentuckian
KY_Christian;Central Kentuckian
KY_Todd;Central Kentuckian
KY_Logan;Central Kentuckian
KY_Simpson;Central Kentuckian
KY_Allen;Central Kentuckian
KY_Monroe;Central Kentuckian
KY_Cumberland;Central Kentuckian
KY_Clinton;Appalachia Kentuckian
KY_Wayne;Appalachia Kentuckian
KY_McCreary;Appalachia Kentuckian
KY_Whitley;Appalachia Kentuckian
KY_Bell;Appalachia Kentuckian
KY_Harlan;Appalachia Kentuckian
KY_Letcher;Appalachia Kentuckian
KY_Pike;Appalachia Kentuckian
KY_Martin;Appalachia Kentuckian
KY_Lawrence;Appalachia Kentuckian
KY_Boyd;Charleston Appalachian
KY_Greenup;Charleston Appalachian
KY_Lewis;Appalachia Kentuckian
KY_Mason;Cincinattian
KY_Bracken;Cincinattian
KY_Pendleton;Cincinattian
KY_Grant;Cincinattian
KY_Owen;Louivillian
KY_Henry;Louivillian
KY_Shelby;Louivillian
KY_Spencer;Louivillian
KY_Nelson;Louivillian
KY_Larue;Louivillian
KY_Hart;Central Kentuckian
KY_Grayson;Central Kentuckian
KY_Ohio;Central Kentuckian
KY_McLean;Central Kentuckian
KY_Webster;Central Kentuckian
KY_Marshall;Purchase Kentuckian
KY_Lyon;Central Kentuckian
KY_Caldwell;Central Kentuckian
KY_Hopkins;Central Kentuckian
KY_Muhlenburg;Central Kentuckian
KY_Butler;Central Kentuckian
KY_Warren;Central Kentuckian
KY_Edmonson;Central Kentuckian
KY_Barren;Central Kentuckian
KY_Metcalfe;Central Kentuckian
KY_Adair;Central Kentuckian
KY_Russell;Central Kentuckian
KY_Pulaski;Appalachia Kentuckian
KY_Laurel;Appalachia Kentuckian
KY_Clay;Appalachia Kentuckian
KY_Knox;Appalachia Kentuckian
KY_Leslie;Appalachia Kentuckian
KY_Perry;Appalachia Kentuckian
KY_Knott;Appalachia Kentuckian
KY_Floyd;Appalachia Kentuckian
KY_Johnson;Appalachia Kentuckian
KY_Morgan;Appalachia Kentuckian
KY_Elliott;Appalachia Kentuckian
KY_Carter;Charleston Appalachian
KY_Rowan;Appalachia Kentuckian
KY_Fleming;Lexingtonian
KY_Robertson;Lexingtonian
KY_Harrison;Lexingtonian
KY_Scott;Lexingtonian
KY_Franklin;Lexingtonian
KY_Anderson;Lexingtonian
KY_Washington;Central Kentuckian
KY_Marion;Central Kentuckian
KY_Greenup;Central Kentuckian
KY_Taylor;Central Kentuckian
KY_Casey;Central Kentuckian
KY_Lincoln;Central Kentuckian
KY_Rockcastle;Appalachia Kentuckian
KY_Jackson;Appalachia Kentuckian
KY_Owsley;Appalachia Kentuckian
KY_Breathitt;Appalachia Kentuckian
KY_Magoffin;Appalachia Kentuckian
KY_Wolfe;Appalachia Kentuckian
KY_Menifee;Appalachia Kentuckian
KY_Bath;Lexingtonian
KY_Nicholas;Lexingtonian
KY_Bourbon;Lexingtonian
KY_Fayette;Lexingtonian
KY_Woodford;Lexingtonian
KY_Mercer;Central Kentuckian
KY_Boyle;Central Kentuckian
KY_Garrand;Central Kentuckian
KY_Jessamine;Lexingtonian
KY_Madison;Lexingtonian
KY_Estill;Appalachia Kentuckian
KY_Lee;Appalachia Kentuckian
KY_Powell;Appalachia Kentuckian
KY_Mongomery;Lexingtonian
KY_Clark;Lexingtonian
TN_Johnson;East Tennesseean
TN_Sullivan;East Tennesseean
TN_Hawkins;East Tennesseean
TN_Hancock;East Tennesseean
TN_Claiborne;East Tennesseean
TN_Campbell;Knoxvillian
TN_Scott;East Tennesseean
TN_Pickett;East Tennesseean
TN_Clay;East Tennesseean
TN_Macon;Nashvillian
TN_Sumner;Nashvillian
TN_Robertson;Nashvillian
TN_Montgomery;West Tennesseean
TN_Stewart;West Tennesseean
TN_Henry;Purchase Kentuckian
TN_Weakley;Purchase Kentuckian
TN_Obion;Purchase Kentuckian
TN_Lake;Purchase Kentuckian
TN_Dyer;West Tennesseean
TN_Lauderdale;West Tennesseean
TN_Tipton;Memphian
TN_Shelby;Memphian
TN_Fayette;Memphian
TN_Hardeman;West Tennesseean
TN_NcNairy;West Tennesseean
TN_Hardin;West Tennesseean
TN_Wayne;West Tennesseean
TN_Lawrence;West Tennesseean
TN_Giles;West Tennesseean
TN_Lincoln;West Tennesseean
TN_Franklin;East Tennesseean
TN_Marion;North Alabaman
TN_Hamilton;North Alabaman
TN_Bradley;North Alabaman
TN_Polk;North Alabaman
TN_Monroe;Knoxvillian
TN_Blount;Knoxvillian
TN_Sevier;Knoxvillian
TN_Cocke;East Tennesseean
TN_Greene;East Tennesseean
TN_Washington;East Tennesseean
TN_Unicoi;East Tennesseean
TN_Carter;East Tennesseean
TN_Hamblen;Knoxvillian
TN_Grainger;Knoxvillian
TN_Union;Knoxvillian
TN_Anderson;Knoxvillian
TN_Morgan;Knoxvillian
TN_Fentress;East Tennesseean
TN_Overton;East Tennesseean
TN_Jackson;East Tennesseean
TN_Smith;Nashvillian
TN_Trousdale;Nashvillian
TN_Wilson;Nashvillian
TN_Davidson;Nashvillian
TN_Cheatham;Nashvillian
TN_Dickson;Nashvillian
TN_Houston;West Tennesseean
TN_Benton;West Tennesseean
TN_Carroll;West Tennesseean
TN_Gibson;West Tennesseean
TN_Crockett;West Tennesseean
TN_Haywood;West Tennesseean
TN_Madison;West Tennesseean
TN_Chester;West Tennesseean
TN_Henderson;West Tennesseean
TN_Decatur;West Tennesseean
TN_Perry;West Tennesseean
TN_Lewis;West Tennesseean
TN_Maury;Nashvillian
TN_Marshall;West Tennesseean
TN_Bedford;West Tennesseean
TN_Moore;West Tennesseean
TN_Coffee;East Tennesseean
TN_Grundy;East Tennesseean
TN_Sequatchie;North Alabaman
TN_Bledsoe;East Tennesseean
TN_Rhea;North Alabaman
TN_McMinn;North Alabaman
TN_Loudon;Knoxvillian
TN_Jefferson;Knoxvillian
TN_Knox;Knoxvillian
TN_Roane;Knoxvillian
TN_Meigs;North Alabaman
TN_Cumberland;East Tennesseean
TN_Putnam;East Tennesseean
TN_DeKalb;East Tennesseean
TN_White;East Tennesseean
TN_Van Buren;East Tennesseean
TN_Warren;East Tennesseean
TN_Connon;Nashvillian
TN_Rutherford;Nashvillian
TN_Williamson;Nashvillian
TN_Hickman;West Tennesseean
TN_Humphereys;West Tennesseean
OH_Ashtabula;Clevelander
OH_Lake;Clevelander
OH_Cuyahoga;Clevelander
OH_Lorain;Clevelander
OH_Sandusky;Toledoan
OH_Ottawa;Toledoan
OH_Lucas;Toledoan
OH_Fulton;Toledoan
OH_Williams;Ohioan
OH_Defiance;Ohioan
OH_Pauldin;Ohioan
OH_Van Wert;Ohioan
OH_Mercer;Ohioan
OH_Erie;Clevelander
OH_Darke;Daytonian
OH_Preble;Daytonian
OH_Butler;Cincinattian
OH_Hamilton;Cincinattian
OH_Clermont;Cincinattian
OH_Brown;Cincinattian
OH_Adams;Cincinattian
OH_Scioto;Charleston Appalachian
OH_Lawrence;Charleston Appalachian
OH_Gallia;Charleston Appalachian
OH_Meigs;Appalachia Ohioan
OH_Athens;Appalachia Ohioan
OH_Washington;Appalachia Ohioan
OH_Monroe;Appalachia Ohioan
OH_Belmont;Appalachia Ohioan
OH_Jefferson;Pittsburgher
OH_Columbiana;Erie
OH_Mahoning;Erie
OH_Trumbull;Erie
OH_Geauga;Clevelander
OH_Portage;Clevelander
OH_Summit;Clevelander
OH_Medina;Clevelander
OH_Ashland;Ohioan
OH_Huron;Clevelander
OH_Seneca;Toledoan
OH_Wood;Toledoan
OH_Henry;Ohioan
OH_Putnam;Ohioan
OH_Allen;Ohioan
OH_Auglaize;Ohioan
OH_Shebly;Daytonian
OH_Miami;Daytonian
OH_Montgomery;Daytonian
OH_Warren;Cincinattian
OH_Clinton;Cincinattian
OH_Highland;Cincinattian
OH_Pike;Appalachia Ohioan
OH_Jackson;Appalachia Ohioan
OH_Vinton;Appalachia Ohioan
OH_Hocking;Columbusite
OH_Perry;Columbusite
OH_Morgan;Appalachia Ohioan
OH_Noble;Appalachia Ohioan
OH_Guernsey;Appalachia Ohioan
OH_Harrison;Appalachia Ohioan
OH_Carroll;Clevelander
OH_Stark;Clevelander
OH_Wayne;Clevelander
OH_Holmes;Ohioan
OH_Knox;Ohioan
OH_Richland;Ohioan
OH_Crawford;Ohioan
OH_Morrow;Columbusite
OH_Marion;Ohioan
OH_Wyandot;Ohioan
OH_Hancock;Toledoan
OH_Hardin;Ohioan
OH_Logan;Ohioan
OH_Champaign;Daytonian
OH_Clark;Daytonian
OH_Greene;Daytonian
OH_Madison;Columbusite
OH_Fayette;Columbusite
OH_Ross;Columbusite
OH_Union;Columbusite
OH_Delaware;Columbusite
OH_Franklin;Columbusite
OH_Pickaway;Columbusite
OH_Fairfield;Columbusite
OH_Licking;Columbusite
OH_Muskingum;Appalachia Ohioan
OH_Coshocton;Ohioan
OH_Tuscarawas;Clevelander
LA_East Carroll;Delta Mississippian
LA_West Carroll;Louisianan
LA_Morehouse;Louisianan
LA_Union;Arklatexan
LA_Claiborne;Arklatexan
LA_Webster;Arklatexan
LA_Bossier;Arklatexan
LA_Caddo;Arklatexan
LA_De Soto;Arklatexan
LA_Red River;Arklatexan
LA_Bienville;Arklatexan
LA_Lincoln;Arklatexan
LA_Jackson;Arklatexan
LA_Ouachita;Louisianan
LA_Richland;Louisianan
LA_Madison;Delta Mississippian
LA_Tensas;Delta Mississippian
LA_Franklin;Louisianan
LA_Caldwell;Louisianan
LA_Winn;Arklatexan
LA_Natchitoches;Arklatexan
LA_Sabine;Arklatexan
LA_Vernon;Louisianan
LA_Rapides;Louisianan
LA_Grant;Louisianan
LA_Lasalle;Louisianan
LA_Catahoula;Louisianan
LA_Concordia;Louisianan
LA_Avoyelles;Cajun
LA_Evangeline;Cajun
LA_Allen;Louisianan
LA_Beauregard;Louisianan
LA_Calcasieu;Cajun
LA_Cameron;Cajun
LA_Jefferson Davis;Cajun
LA_Acadia;Cajun
LA_Saint LAndry;Cajun
LA_Point Copee;Cajun
LA_West Feliciana;Baton Rougian
LA_East Feliciana;Baton Rougian
LA_Saint Helena;Baton Rougian
LA_Tangipahoa;Baton Rougian
LA_Washington;Baton Rougian
LA_Saint Tammany;Baton Rougian
LA_Orleans;New Orleanian
LA_Saint Bernard;New Orleanian
LA_Plaquementes;New Orleanian
LA_Jefferson;New Orleanian
LA_Saint Charles;Cajun
LA_Saint John the Baptist;Cajun
LA_Livingston;Baton Rougian
LA_East Baton Rouge;Baton Rougian
LA_West Baton Rouge;Cajun
LA_Iberville;Cajun
LA_North Saint Martin;Cajun
LA_Lafayette;Cajun
LA_Vermillion;Cajun
LA_Iberia;Cajun
LA_Saint Mary;Cajun
LA_South Saint Martin;Cajun
LA_Assumption;Cajun
LA_Ascension;Cajun
LA_Saint James;Cajun
LA_Lafourche;Cajun
LA_Terrebonne;Cajun
IN_Steuben;North Hoosier
IN_Lagrange;North Hoosier
IN_Elkhart;North Hoosier
IN_Saint Joseph;North Hoosier
IN_Laporte;Chicagolander
IN_Porter;Chicagolander
IN_Lake;Chicagolander
IN_Newton;Chicagolander
IN_Jasper;Chicagolander
IN_Starke;North Hoosier
IN_Marshall;North Hoosier
IN_Kosciusko;North Hoosier
IN_Noble;North Hoosier
IN_Dekalb;North Hoosier
IN_Allen;North Hoosier
IN_Whitley;North Hoosier
IN_Wabash;North Hoosier
IN_Fulton;North Hoosier
IN_Pulaski;North Hoosier
IN_White;North Hoosier
IN_Benton;North Hoosier
IN_Warren;Central Hoosier
IN_Tippecanoe;Central Hoosier
IN_Carrol;Central Hoosier
IN_Cass;North Hoosier
IN_Miami;North Hoosier
IN_Grant;Central Hoosier
IN_Huntington;North Hoosier
IN_Wells;North Hoosier
IN_Adams;North Hoosier
IN_Jay;Central Hoosier
IN_Backford;Central Hoosier
IN_Delaware;Central Hoosier
IN_Madison;Indianapolitan
IN_Tipton;Central Hoosier
IN_Howard;Central Hoosier
IN_Clinton;Central Hoosier
IN_Montgomery;Central Hoosier
IN_Fountain;Central Hoosier
IN_Vermillion;Central Hoosier
IN_Parke;Central Hoosier
IN_Putnam;Indianapolitan
IN_Hendricks;Indianapolitan
IN_Boone;Indianapolitan
IN_Hamilton;Indianapolitan
IN_Marion;Indianapolitan
IN_Hancock;Indianapolitan
IN_Henry;Central Hoosier
IN_Randolph;Central Hoosier
IN_Wayne;Central Hoosier
IN_Union;Cincinattian
IN_Fayette;Central Hoosier
IN_Rush;Central Hoosier
IN_Shelby;Indianapolitan
IN_Johnson;Indianapolitan
IN_Morgan;Indianapolitan
IN_Owen;Central Hoosier
IN_Clay;Central Hoosier
IN_Vigo;Central Hoosier
IN_Sullivan;South Hoosier
IN_Greene;South Hoosier
IN_Monroe;South Hoosier
IN_Brown;Indianapolitan
IN_Bartholomew;South Hoosier
IN_Decatur;South Hoosier
IN_Franklin;Cincinattian
IN_Dearborn;Cincinattian
IN_Ripley;South Hoosier
IN_Jennings;South Hoosier
IN_Jackson;South Hoosier
IN_Lawrence;South Hoosier
IN_Martin;South Hoosier
IN_Daviess;South Hoosier
IN_Knox;South Hoosier
IN_Gibson;South Hoosier
IN_Pike;South Hoosier
IN_Dubois;South Hoosier
IN_Orange;South Hoosier
IN_Washington;Louivillian
IN_Scott;South Hoosier
IN_Jefferson;South Hoosier
IN_Switzerland;South Hoosier
IN_Ohio;Cincinattian
IN_Clark;Louivillian
IN_Floyd;Louivillian
IN_Harrison;Louivillian
IN_Crawford;South Hoosier
IN_Perry;South Hoosier
IN_Spencer;South Hoosier
IN_Warrick;South Hoosier
IN_Vanderburgh;South Hoosier
IN_Posey;South Hoosier
MS_Tishomingo;North Mississippian
MS_Brentiss;North Mississippian
MS_Alcorn;North Mississippian
MS_Tippah;North Mississippian
MS_Benton;Memphian
MS_Marshall;Memphian
MS_Tate;Memphian
MS_Desoto;Memphian
MS_Tunica;Delta Mississippian
MS_Coahoma;Delta Mississippian
MS_Quitman;Delta Mississippian
MS_Panola;Mid-Mississippian
MS_Lafeyette;Mid-Mississippian
MS_Union;North Mississippian
MS_Pontonoc;North Mississippian
MS_Lee;North Mississippian
MS_Itawamba;North Mississippian
MS_Monroe;Mid-Mississippian
MS_Chickasaw;Mid-Mississippian
MS_Calhoun;Mid-Mississippian
MS_Yalobusha;Mid-Mississippian
MS_Grenada;Mid-Mississippian
MS_Tallahatchie;Delta Mississippian
MS_Sunflower;Delta Mississippian
MS_Bolivar;Delta Mississippian
MS_Washington;Delta Mississippian
MS_Humphreys;Delta Mississippian
MS_Leflore;Delta Mississippian
MS_Carroll;Mid-Mississippian
MS_Montgomery;Mid-Mississippian
MS_Webster;Mid-Mississippian
MS_Okitebbeha;Mid-Mississippian
MS_Clay;Mid-Mississippian
MS_Lowndes;Mid-Mississippian
MS_Noxubee;Mid-Mississippian
MS_Winston;Mid-Mississippian
MS_Choctaw;Mid-Mississippian
MS_Attala;Mid-Mississippian
MS_Holmes;Delta Mississippian
MS_Yazoo;Jacksonian
MS_Sharkey;Delta Mississippian
MS_Issaqueba;Delta Mississippian
MS_Warren;Delta Mississippian
MS_Hinds;Jacksonian
MS_Madison;Jacksonian
MS_Leake;South Mississippian
MS_Neshora;South Mississippian
MS_Kemper;South Mississippian
MS_Lauderdale;South Mississippian
MS_Newton;South Mississippian
MS_Scott;South Mississippian
MS_Rankin;Jacksonian
MS_Simpson;Jacksonian
MS_Copiah;Jacksonian
MS_Claiborne;Delta Mississippian
MS_Jefferson;Delta Mississippian
MS_Adams;Delta Mississippian
MS_Franklin;South Mississippian
MS_Lincoln;South Mississippian
MS_Lawrence;South Mississippian
MS_Jefferson Davis;South Mississippian
MS_Covington;South Mississippian
MS_Smith;South Mississippian
MS_Jasper;South Mississippian
MS_Jones;South Mississippian
MS_Wayne;South Mississippian
MS_Clarke;South Mississippian
MS_Greene;South Mississippian
MS_Perry;South Mississippian
MS_Forrest;South Mississippian
MS_Lamar;South Mississippian
MS_Marion;South Mississippian
MS_Walthall;South Mississippian
MS_Pike;South Mississippian
MS_Amite;South Mississippian
MS_Wilkinson;Delta Mississippian
MS_Pearl River;Baton Rougian
MS_Stone;Biloxi-Mobilian
MS_George;Biloxi-Mobilian
MS_Jackson;Biloxi-Mobilian
MS_Harrison;Biloxi-Mobilian
MS_Hancock;Biloxi-Mobilian
IL_Jo Daviess;Driftless
IL_Stephenson;Northwest Illinoisan
IL_Winebago;Northwest Illinoisan
IL_Boone;Northwest Illinoisan
IL_McHenry;Chicagolander
IL_Lake;Chicagolander
IL_Cook;Chicagolander
IL_DuPage;Chicagolander
IL_Kane;Chicagolander
IL_DeKalb;Chicagolander
IL_Ogle;Northwest Illinoisan
IL_Carroll;Northwest Illinoisan
IL_Whiteside;Northwest Illinoisan
IL_Lee;Northwest Illinoisan
IL_La Salle;Northwest Illinoisan
IL_Kendall;Chicagolander
IL_Will;Chicagolander
IL_Kankakee;Chicagolander
IL_Grundy;Chicagolander
IL_Livingston;Central Illinoisan
IL_Woodford;Central Illinoisan
IL_Marshall;Central Illinoisan
IL_Putnam;Northwest Illinoisan
IL_Bureau;Northwest Illinoisan
IL_Henry;Northwest Illinoisan
IL_Rock Island;Northwest Illinoisan
IL_Mercer;Forgottonian
IL_Henderson;Forgottonian
IL_Warren;Forgottonian
IL_Knox;Forgottonian
IL_Stark;Central Illinoisan
IL_Peoria;Central Illinoisan
IL_Tazewell;Central Illinoisan
IL_McLean;Central Illinoisan
IL_Ford;Central Illinoisan
IL_Iroquois;Central Illinoisan
IL_Vermilion;Central Illinoisan
IL_Champaign;Central Illinoisan
IL_Piatt;Central Illinoisan
IL_De Witt;Central Illinoisan
IL_Logan;Central Illinoisan
IL_Menard;Central Illinoisan
IL_Mason;Central Illinoisan
IL_Fulton;Forgottonian
IL_McDonough;Forgottonian
IL_Hancock;Forgottonian
IL_Adams;Forgottonian
IL_Brown;Forgottonian
IL_Schuyler;Forgottonian
IL_Cass;Forgottonian
IL_Morgan;Forgottonian
IL_Sangamon;Central Illinoisan
IL_Macon;Central Illinoisan
IL_Moultrie;Central Illinoisan
IL_Douglas;Central Illinoisan
IL_Edgar;Central Illinoisan
IL_Clark;Central Illinoisan
IL_Cumberland;Central Illinoisan
IL_Coles;Central Illinoisan
IL_Shelby;Central Illinoisan
IL_Christian;Central Illinoisan
IL_Montgomery;Central Illinoisan
IL_Macouplin;Central Illinoisan
IL_Greene;Forgottonian
IL_Scott;Forgottonian
IL_Pike;Forgottonian
IL_Calhoun;Forgottonian
IL_Jersey;St Louisan
IL_Madison;St Louisan
IL_Bond;Little Egyptian
IL_Fayette;Little Egyptian
IL_Effingham;Little Egyptian
IL_Jasper;Little Egyptian
IL_Crawford;Little Egyptian
IL_Lawrence;Little Egyptian
IL_Richland;Little Egyptian
IL_Clay;Little Egyptian
IL_Marion;Little Egyptian
IL_Clinton;St Louisan
IL_Saint Clair;St Louisan
IL_Monroe;St Louisan
IL_Randolph;Little Egyptian
IL_Washington;Little Egyptian
IL_Perry;Little Egyptian
IL_Jefferson;Little Egyptian
IL_Wayne;Little Egyptian
IL_Edwards;Little Egyptian
IL_Wabash;Little Egyptian
IL_White;Little Egyptian
IL_Hamilton;Little Egyptian
IL_Franklin;Little Egyptian
IL_Jackson;Little Egyptian
IL_Union;Little Egyptian
IL_Williamson;Little Egyptian
IL_Saline;Little Egyptian
IL_Gallatin;Little Egyptian
IL_Hardin;Little Egyptian
IL_Pope;Little Egyptian
IL_Massac;Purchase Kentuckian
IL_Johnson;Little Egyptian
IL_Pulaski;Little Egyptian
IL_Alexander;Little Egyptian
MS_Jackson;Chattanoogan
MS_Madison;Huntsvillian
MS_Limestone;Huntsvillian
MS_Lauderdale;Central Alabaman
MS_Colbert;Central Alabaman
MS_Franklin;Central Alabaman
MS_Lawrence;Huntsvillian
MS_Morgan;Huntsvillian
MS_Marshall;Chattanoogan
MS_DeKalb;Chattanoogan
MS_Cherokee;Chattanoogan
MS_Etowah;Chattanoogan
MS_Blount;Chattanoogan
MS_Cullman;Chattanoogan
MS_Winston;Central Alabaman
MS_Marion;Central Alabaman
MS_Lamar;Central Alabaman
MS_Fayette;Central Alabaman
MS_Walker;Birminghamian
MS_Jefferson;Birminghamian
MS_Saint Clair;Birminghamian
MS_Calhoun;Central Alabaman
MS_Cleburne;Central Alabaman
MS_Randolph;Central Alabaman
MS_Clay;Central Alabaman
MS_Talladega;Birminghamian
MS_Shelby;Birminghamian
MS_Bibb;Birminghamian
MS_Tuscaloosa;Central Alabaman
MS_Pickens;Blackbelt Alabaman
MS_Sumter;Blackbelt Alabaman
MS_Greene;Blackbelt Alabaman
MS_Hale;Blackbelt Alabaman
MS_Perry;Blackbelt Alabaman
MS_Chilton;Birminghamian
MS_Coosa;Central Alabaman
MS_Tallapoosa;Central Alabaman
MS_Chambers;Central Alabaman
MS_Lee;Central Alabaman
MS_Macon;Blackbelt Alabaman
MS_Elmore;Central Alabaman
MS_Autauga;Blackbelt Alabaman
MS_Dallas;Blackbelt Alabaman
MS_Wilcox;Blackbelt Alabaman
MS_Marengo;Blackbelt Alabaman
MS_Choctaw;South Alabaman
MS_Washington;Biloxi-Mobilian
MS_Clarke;South Alabaman
MS_Monroe;South Alabaman
MS_Conecuh;South Alabaman
MS_Butler;South Alabaman
MS_Lowndes;Blackbelt Alabaman
MS_Montgomery;Blackbelt Alabaman
MS_Bullock;Blackbelt Alabaman
MS_Russell;Blackbelt Alabaman
MS_Barbour;Blackbelt Alabaman
MS_Pike;South Alabaman
MS_Crenshaw;Blackbelt Alabaman
MS_Coffee;South Alabaman
MS_Dale;South Alabaman
MS_Henry;South Alabaman
MS_Houston;South Alabaman
MS_Geneva;South Alabaman
MS_Covington;South Alabaman
MS_Escambia;Biloxi-Mobilian
MS_Baldwin;Biloxi-Mobilian
MS_Mobile;Biloxi-Mobilian
ME_Aroostook;Northern Mainer
ME_Piscataquis;Northern Mainer
ME_Somerset;Northern Mainer
ME_Franklin;Northern Mainer
ME_Oxford;Northern Mainer
ME_York;Coastal Mainer
ME_Cumberland;Coastal Mainer
ME_Androscogoin;Coastal Mainer
ME_Kennebec;Coastal Mainer
ME_Sagadahoc;Coastal Mainer
ME_Lincoln;Coastal Mainer
ME_Knox;Coastal Mainer
ME_Waldo;Coastal Mainer
ME_Penobscot;Northern Mainer
ME_Hancock;Coastal Mainer
ME_Washington;Coastal Mainer
MO_Clark;North Missourian
MO_Scotland;North Missourian
MO_Schuyler;North Missourian
MO_Putnam;North Missourian
MO_Mercer;North Missourian
MO_Harrison;North Missourian
MO_Worth;North Missourian
MO_Nodaway;North Missourian
MO_Atchinson;North Missourian
MO_Holt;North Missourian
MO_Andrew;North Missourian
MO_Gentry;North Missourian
MO_Daviess;North Missourian
MO_Grundy;North Missourian
MO_Sullivan;North Missourian
MO_Adair;North Missourian
MO_Knox;North Missourian
MO_Lewis;North Missourian
MO_Marion;North Missourian
MO_Shelby;North Missourian
MO_Macon;Mid-Missourian
MO_Linn;North Missourian
MO_Livingston;North Missourian
MO_Caldwell;Kansapolitan
MO_Dekalb;North Missourian
MO_Buchanan;North Missourian
MO_Platte;Kansapolitan
MO_Clinton;Kansapolitan
MO_Clay;Kansapolitan
MO_Ray;Kansapolitan
MO_Carroll;North Missourian
MO_Chariton;Mid-Missourian
MO_Randolph;Mid-Missourian
MO_Monroe;Mid-Missourian
MO_Ralls;Mid-Missourian
MO_Pike;Mid-Missourian
MO_Audrian;Mid-Missourian
MO_Boone;Mid-Missourian
MO_Howard;Mid-Missourian
MO_Saline;Mid-Missourian
MO_Lafeyette;Kansapolitan
MO_Jackson;Kansapolitan
MO_Cass;Kansapolitan
MO_Johnson;Kansapolitan
MO_Pettis;Mid-Missourian
MO_Cooper;Mid-Missourian
MO_Moniteau;Mid-Missourian
MO_Cole;Mid-Missourian
MO_Callaway;Mid-Missourian
MO_Mongomery;Mid-Missourian
MO_Warren;St Louisan
MO_Lincoln;St Louisan
MO_Saint Charles;St Louisan
MO_Saint Louis;St Louisan
MO_Jefferson;St Louisan
MO_Franklin;St Louisan
MO_Casconade;Mid-Missourian
MO_Osage;Mid-Missourian
MO_Maries;Mid-Missourian
MO_Miller;Mid-Missourian
MO_Morgan;Mid-Missourian
MO_Benton;Missouri Ozark
MO_Henry;Missouri Ozark
MO_Bates;Kansapolitan
MO_Vernon;Missouri Ozark
MO_Saint Clair;Missouri Ozark
MO_Hickory;Missouri Ozark
MO_Camden;Missouri Ozark
MO_Pulaski;Missouri Ozark
MO_Phelps;Missouri Ozark
MO_Crawford;Missouri Ozark
MO_Washington;Bootheel Missourian
MO_Saint Francois;Bootheel Missourian
MO_Sainte Genevieve;Bootheel Missourian
MO_Perry;Bootheel Missourian
MO_Madison;Bootheel Missourian
MO_Iron;Bootheel Missourian
MO_Dent;Missouri Ozark
MO_Texas;Missouri Ozark
MO_Laclede;Missouri Ozark
MO_Dallas;Missouri Ozark
MO_Polk;Missouri Ozark
MO_Cedar;Missouri Ozark
MO_Barton;Missouri Ozark
MO_Jasper;Missouri Ozark
MO_Newton;Missouri Ozark
MO_McDonald;Missouri Ozark
MO_Barry;Missouri Ozark
MO_Lawrence;Missouri Ozark
MO_Dade;Missouri Ozark
MO_Greene;Missouri Ozark
MO_Christian;Missouri Ozark
MO_Stone;Missouri Ozark
MO_Taney;Missouri Ozark
MO_Ozark;Missouri Ozark
MO_Douglas;Missouri Ozark
MO_Webster;Missouri Ozark
MO_Wright;Missouri Ozark
MO_Howell;Missouri Ozark
MO_Shannon;Missouri Ozark
MO_Reynolds;Missouri Ozark
MO_Carter;Missouri Ozark
MO_Oregon;Missouri Ozark
MO_Ripley;Missouri Ozark
MO_Butler;Missouri Ozark
MO_Wayne;Bootheel Missourian
MO_Bollings;Bootheel Missourian
MO_Cape Girardeau;Bootheel Missourian
MO_Scott;Bootheel Missourian
MO_Mississippi;Bootheel Missourian
MO_New Madrid;Bootheel Missourian
MO_Stoddard;Bootheel Missourian
MO_Dunklin;Bootheel Missourian
MO_Pemiscot;Bootheel Missourian
MO_St Louis City;St Louisan
AR_Clay;Arkansas Ozark
AR_Randolph;Arkansas Ozark
AR_Sharp;Arkansas Ozark
AR_Fulton;Arkansas Ozark
AR_Baxter;Arkansas Ozark
AR_Marion;Arkansas Ozark
AR_Boone;Arkansas Ozark
AR_Carroll;Arkansas Ozark
AR_Benton;Arkansas Ozark
AR_Washington;Arkansas Ozark
AR_Madison;Arkansas Ozark
AR_Newton;Arkansas Ozark
AR_Searcy;Arkansas Ozark
AR_Stone;Arkansas Ozark
AR_Izard;Arkansas Ozark
AR_Independence;Arkansas Ozark
AR_Lawrence;Arkansas Ozark
AR_Greene;Arkansas Ozark
AR_Mississippi;Delta Arkansan
AR_Craighead;Delta Arkansan
AR_Jackson;Delta Arkansan
AR_White;Central Arkansan
AR_Cleburne;Arkansas Ozark
AR_Van Buren;Arkansas Ozark
AR_Pope;Arkansas Ozark
AR_Johnson;Arkansas Ozark
AR_Franklin;Arkansas Ozark
AR_Crawford;Arkansas Ozark
AR_Bebastian;Arkansas Ozark
AR_Logan;Arkansas Ozark
AR_Yell;Arkansas Ozark
AR_Perry;Central Arkansan
AR_Conway;Arkansas Ozark
AR_Faulkner;Central Arkansan
AR_Lonoke;Central Arkansan
AR_Prarie;Delta Arkansan
AR_Moodruff;Delta Arkansan
AR_Cross;Delta Arkansan
AR_Poinsett;Delta Arkansan
AR_Crittenden;Memphian
AR_St Francis;Delta Arkansan
AR_Lee;Delta Arkansan
AR_Phillips;Delta Arkansan
AR_Monroe;Delta Arkansan
AR_Arkansas;Delta Arkansan
AR_Jefferson;Central Arkansan
AR_Pulaski;Central Arkansan
AR_Saline;Central Arkansan
AR_Garland;Central Arkansan
AR_Montgomery;Central Arkansan
AR_Scott;Central Arkansan
AR_Polk;Central Arkansan
AR_Howard;Arklatexan
AR_Pike;Central Arkansan
AR_Clark;Central Arkansan
AR_Hot Spring;Central Arkansan
AR_Grant;Central Arkansan
AR_Dallas;Central Arkansan
AR_Cleveland;Central Arkansan
AR_Lincoln;Central Arkansan
AR_Desha;Delta Arkansan
AR_Chicot;Delta Arkansan
AR_Drew;Delta Arkansan
AR_Bradley;Central Arkansan
AR_Calhoun;Central Arkansan
AR_Ouachita;Arklatexan
AR_Nevada;Arklatexan
AR_Hempstead;Arklatexan
AR_Sevier;Arklatexan
AR_Little River;Arklatexan
AR_Miller;Arklatexan
AR_Lafeyette;Arklatexan
AR_Columbia;Arklatexan
AR_Union;Arklatexan
AR_Ashley;Delta Arkansan
MI_Keweenaw;None
MI_Houghton;None
MI_Ontonagon;None
MI_Gogebic;None
MI_Iron;None
MI_Baraga;None
MI_Marquette;None
MI_Dickinson;None
MI_Menominee;None
MI_Delta;None
MI_Alger;None
MI_Schoolcraft;None
MI_Luce;None
MI_Chippwa;None
MI_Mackinac;None
MI_Emmet;Northern Michigander
MI_Cheboygan;Northern Michigander
MI_Presque Isle;Northern Michigander
MI_Alpena;Northern Michigander
MI_Montmorency;Northern Michigander
MI_Ostego;Northern Michigander
MI_Charlevoix;Northern Michigander
MI_Antrim;Northern Michigander
MI_Leelanau;Northern Michigander
MI_Benzie;Northern Michigander
MI_Grand Traverse;Northern Michigander
MI_Kalkaska;Northern Michigander
MI_Crawford;Northern Michigander
MI_Oscoda;Northern Michigander
MI_Alcona;Northern Michigander
MI_Iosco;Northern Michigander
MI_Ogemaw;Northern Michigander
MI_Roscommon;Northern Michigander
MI_Missaukee;Northern Michigander
MI_Wexford;Northern Michigander
MI_Manistee;Northern Michigander
MI_Mason;Mid-Michigander
MI_Lake;Mid-Michigander
MI_Osceola;Mid-Michigander
MI_Clare;Mid-Michigander
MI_Gladwin;Mid-Michigander
MI_Arenac;Mid-Michigander
MI_Bay;Mid-Michigander
MI_Midland;Mid-Michigander
MI_Isabella;Mid-Michigander
MI_Mecosta;Mid-Michigander
MI_Newaygo;Mid-Michigander
MI_Oceana;Mid-Michigander
MI_Muskegon;Mid-Michigander
MI_Ottawa;Grand Rapidian
MI_Kent;Grand Rapidian
MI_Montcalm;Grand Rapidian
MI_Gratiot;Mid-Michigander
MI_Saginaw;Mid-Michigander
MI_Tuscola;Mid-Michigander
MI_Huron;Mid-Michigander
MI_Sanilac;Mid-Michigander
MI_Saint Clair;Detroiter
MI_Lapeer;Detroiter
MI_Genesee;Detroiter
MI_Shiawassee;Mid-Michigander
MI_Clinton;Mid-Michigander
MI_Ionia;Grand Rapidian
MI_Barry;South Michigander
MI_Allegan;South Michigander
MI_Van Buren;South Michigander
MI_Kalamazoo;South Michigander
MI_Calhoun;South Michigander
MI_Eaton;Mid-Michigander
MI_Ingham;Mid-Michigander
MI_Livingston;Detroiter
MI_Oakland;Detroiter
MI_MAcomb;Detroiter
MI_Wayne;Detroiter
MI_Monroe;Detroiter
MI_Lenawee;Detroiter
MI_Washtenaw;Detroiter
MI_JAckson;South Michigander
MI_Hillsdale;South Michigander
MI_Branch;South Michigander
MI_Saint Joseph;South Michigander
MI_Cass;South Michigander
MI_Berrien;South Michigander
FL_Escambia;Panhandle Floridian
FL_Santa Rosa;Panhandle Floridian
FL_Okaloosa;Panhandle Floridian
FL_Walton;Panhandle Floridian
FL_Holmes;Panhandle Floridian
FL_Jackson;Panhandle Floridian
FL_Gadsden;Panhandle Floridian
FL_Leon;Panhandle Floridian
FL_Liberty;Panhandle Floridian
FL_Calhoun;Panhandle Floridian
FL_Washington;Panhandle Floridian
FL_Bay;Panhandle Floridian
FL_Gulf;Panhandle Floridian
FL_Franklin;Panhandle Floridian
FL_Wakulla;Panhandle Floridian
FL_Jefferson;Panhandle Floridian
FL_Madison;Central Floridan
FL_Hamilton;Central Floridan
FL_Columbia;Central Floridan
FL_Baker;First Coaster
FL_Nassau;First Coaster
FL_Duval;First Coaster
FL_Clay;First Coaster
FL_Bradford;Central Floridan
FL_Union;Central Floridan
FL_Alachua;Central Floridan
FL_Gilchrist;Central Floridan
FL_Suwannee;Central Floridan
FL_Lafeyette;Central Floridan
FL_Taylor;Central Floridan
FL_Dixie;Central Floridan
FL_Levy;Central Floridan
FL_Marion;Central Floridan
FL_Putnam;First Coaster
FL_Saint Johns;First Coaster
FL_Flagler;Deltonan
FL_Volusia;Deltonan
FL_Lake;None
FL_Sumter;None
FL_Citrus;Tampan
FL_Hernando;Tampan
FL_Pasco;Tampan
FL_Pinellas;Tampan
FL_Hillsborough;Tampan
FL_Polk;Tampan
FL_Osceola;None
FL_Orange;None
FL_Seminole;None
FL_Brevard;Treasure Coaster
FL_Indian River;Treasure Coaster
FL_Saint Lucie;Treasure Coaster
FL_Martin;Treasure Coaster
FL_Okeechobee;None
FL_Highlands;None
FL_Hardee;None
FL_Manatee;Sarasotan
FL_Sarasota;Sarasotan
FL_De Soto;None
FL_Charlotte;South Suncoaster
FL_Glades;None
FL_Palm Beach;Miamian
FL_Hendry;None
FL_Lee;South Suncoaster
FL_Collier;South Suncoaster
FL_Broward;Miamian
FL_Miami-Dade;Miamian
FL_Monroe;South Suncoaster
TX_Dallam;High Plains Texan
TX_Sherman;High Plains Texan
TX_Hansford;High Plains Texan
TX_Ochiltree;High Plains Texan
TX_Lipscomb;High Plains Texan
TX_Hamphill;High Plains Texan
TX_Roberts;High Plains Texan
TX_Hutchinson;High Plains Texan
TX_Moore;High Plains Texan
TX_Hartley;High Plains Texan
TX_Oldham;High Plains Texan
TX_Potter;High Plains Texan
TX_Carson;High Plains Texan
TX_Gray;High Plains Texan
TX_Wheeler;High Plains Texan
TX_Collingsworth;High Plains Texan
TX_Donley;High Plains Texan
TX_Armstrong;High Plains Texan
TX_Randall;High Plains Texan
TX_Dear Smith;High Plains Texan
TX_Parmer;High Plains Texan
TX_Castro;High Plains Texan
TX_Swisher;High Plains Texan
TX_Brisses***;High Plains Texan
TX_Hall;High Plains Texan
TX_Childress;High Plains Texan
TX_Harderman;Northwest Texan
TX_Foard;Northwest Texan
TX_Cottle;Northwest Texan
TX_Motley;High Plains Texan
TX_Floyd;High Plains Texan
TX_Hale;High Plains Texan
TX_Lamb;High Plains Texan
TX_Bailey;High Plains Texan
TX_Cochran;High Plains Texan
TX_Hockley;High Plains Texan
TX_Lubbock;High Plains Texan
TX_Crosby;High Plains Texan
TX_Dickens;High Plains Texan
TX_King;High Plains Texan
TX_Knox;Northwest Texan
TX_Baylor;Northwest Texan
TX_Willbarger;Northwest Texan
TX_Wichita;Northwest Texan
TX_Archer;Northwest Texan
TX_Clay;Northwest Texan
TX_Montague;Northwest Texan
TX_Cooke;Dallasite
TX_Grayson;Dallasite
TX_Fannin;Dallasite
TX_Lamar;East Texan
TX_Red River;Arklatexan
TX_Bowie;Arklatexan
TX_Cass;Arklatexan
TX_Morris;Arklatexan
TX_Titus;Arklatexan
TX_Franklin;East Texan
TX_Hopins;East Texan
TX_Delta;East Texan
TX_Hunt;Dallasite
TX_Collin;Dallasite
TX_Denton;Dallasite
TX_Wise;Dallasite
TX_Jack;Northwest Texan
TX_Young;Northwest Texan
TX_Throckmorton;Northwest Texan
TX_Haskell;Northwest Texan
TX_Stonewall;Northwest Texan
TX_Kent;Northwest Texan
TX_Garza;High Plains Texan
TX_Lynn;High Plains Texan
TX_Terry;High Plains Texan
TX_Yoakum;High Plains Texan
TX_Gaines;West Texan
TX_Dawson;West Texan
TX_Borden;West Texan
TX_Scurry;Northwest Texan
TX_Fisher;Northwest Texan
TX_Jones;Northwest Texan
TX_Shackelton;Northwest Texan
TX_Stephens;Northwest Texan
TX_Palo Pinto;Dallasite
TX_Parker;Dallasite
TX_Tarrant;Dallasite
TX_Dallas;Dallasite
TX_Rockwall;Dallasite
TX_Kaufman;Dallasite
TX_Van Zandt;East Texan
TX_Rains;East Texan
TX_Wood;East Texan
TX_Camp;Arklatexan
TX_Joshur;Arklatexan
TX_Marion;Arklatexan
TX_Harrison;Arklatexan
TX_Gregg;Arklatexan
TX_Smith;East Texan
TX_Henderson;East Texan
TX_Navarro;Dallasite
TX_Ellis;Dallasite
TX_Johnson;Dallasite
TX_Somerveil;Dallasite
TX_Hood;Dallasite
TX_Erath;Dallasite
TX_Eastland;Northwest Texan
TX_Callahan;Northwest Texan
TX_Taylor;Northwest Texan
TX_Nolan;Northwest Texan
TX_Mitchell;Northwest Texan
TX_Howard;West Texan
TX_Martin;West Texan
TX_Andrews;West Texan
TX_Loving;West Texan
TX_Winkler;West Texan
TX_Ector;West Texan
TX_Midland;West Texan
TX_Glasscock;West Texan
TX_Sterling;West Texan
TX_Coke;West Texan
TX_Runnels;Northwest Texan
TX_Coleman;Northwest Texan
TX_Brown;Northwest Texan
TX_Comanche;Northwest Texan
TX_Hamilton;Central Texan
TX_Bosque;Central Texan
TX_Hill;Central Texan
TX_Limestone;Central Texan
TX_Freestone;Central Texan
TX_Anderson;East Texan
TX_Cherokee;East Texan
TX_Rusk;Arklatexan
TX_Panola;Arklatexan
TX_Shelby;Arklatexan
TX_Nacogdoches;Arklatexan
TX_Angelina;East Texan
TX_Houston;East Texan
TX_Leon;Central Texan
TX_Robertson;Central Texan
TX_Falls;Central Texan
TX_McLennan;Central Texan
TX_Coryell;Central Texan
TX_Lampasas;Central Texan
TX_Mills;Central Texan
TX_San Saba;Central Texan
TX_McCulloch;West Texan
TX_Concho;West Texan
TX_Tom Green;West Texan
TX_Irion;West Texan
TX_Reagan;West Texan
TX_Upton;West Texan
TX_Crane;West Texan
TX_Ward;West Texan
TX_Reeves;West Texan
TX_Culberson;West Texan
TX_Hudspeth;El Pasoan
TX_El Paso;El Pasoan
TX_Presidio;West Texan
TX_Jeff Davis;West Texan
TX_Brewster;West Texan
TX_Terrell;West Texan
TX_Pecos;West Texan
TX_Crockett;West Texan
TX_Schleicher;West Texan
TX_Menam;West Texan
TX_Mason;West Texan
TX_Llang;Austinite
TX_Burnet;Austinite
TX_Bell;Central Texan
TX_Milam;Central Texan
TX_Burleson;Central Texan
TX_Brazos;Central Texan
TX_Madison;Central Texan
TX_Walker;Houstonian
TX_Trinity;East Texan
TX_Polk;East Texan
TX_Tyler;East Texan
TX_Jasper;East Texan
TX_Augustine;Arklatexan
TX_Sabine;Arklatexan
TX_Newton;East Texan
TX_Orange;East Texan
TX_Hardin;East Texan
TX_Liberty;Houstonian
TX_San Jacinto;East Texan
TX_Montgomery;Houstonian
TX_Grimes;Central Texan
TX_Washington;Central Texan
TX_Lee;Austinite
TX_Williamson;Austinite
TX_Travis;Austinite
TX_Bianco;Austinite
TX_Gillespie;Alamo
TX_Kimble;West Texan
TX_Sutton;West Texan
TX_Val Verde;South Texan
TX_Kinney;South Texan
TX_Edwards;South Texan
TX_Kerr;Alamo
TX_Kendall;Alamo
TX_Comal;Alamo
TX_Hays;Austinite
TX_Caldwell;Austinite
TX_Bastop;Austinite
TX_Fayette;Austinite
TX_Austin;Houstonian
TX_Waller;Houstonian
TX_Harris;Houstonian
TX_Jefferson;East Texan
TX_Chambers;Houstonian
TX_Galveston;Houstonian
TX_Brazoria;Houstonian
TX_Fort Bend;Houstonian
TX_Wharton;Houstonian
TX_Colorado;Houstonian
TX_Lavaca;Alamo
TX_Gonzales;Alamo
TX_Guadaloupe;Alamo
TX_Bexar;Alamo
TX_Bedina;Alamo
TX_Bandera;Alamo
TX_Real;South Texan
TX_Uvalde;South Texan
TX_Zavala;South Texan
TX_Maverick;South Texan
TX_Dimmit;South Texan
TX_La Salle;South Texan
TX_Frio;Alamo
TX_Atacosa;Alamo
TX_Wilson;Alamo
TX_Kames;Alamo
TX_Dewitt;Alamo
TX_Victoria;Alamo
TX_Jackson;Alamo
TX_Matagorda;Houstonian
TX_Calhoun;Alamo
TX_Refugio;South Texan
TX_Goliao;Alamo
TX_Bee;South Texan
TX_Live Oak;South Texan
TX_McMullen;South Texan
TX_Duval;South Texan
TX_Webb;South Texan
TX_Zapata;South Texan
TX_Jim Hogg;South Texan
TX_Brooks;South Texan
TX_Jim Wells;South Texan
TX_San Patricio;South Texan
TX_Aransas;South Texan
TX_Nuences;South Texan
TX_Kleberg;South Texan
TX_Kenedy;South Texan
TX_Willacy;South Texan
TX_Cameron;South Texan
TX_Hidalgo;South Texan
TX_Starr;South Texan
IA_Lyon;Sioux
IA_Osceola;North Iowan
IA_Dickinson;North Iowan
IA_Emmet;North Iowan
IA_Kossuth;North Iowan
IA_Palo Alto;North Iowan
IA_Clay;North Iowan
IA_OBrien;North Iowan
IA_Sioux;Sioux
IA_Plymouth;Sioux
IA_Cherokee;North Iowan
IA_Buena Vista;North Iowan
IA_Pocahontas;North Iowan
IA_Humboldt;North Iowan
IA_Wright;North Iowan
IA_Hancock;North Iowan
IA_Winnebago;North Iowan
IA_Worth;North Iowan
IA_Mitchell;North Iowan
IA_Howard;North Iowan
IA_Minneshiek;Driftless
IA_Allamakee;Driftless
IA_Clayton;Driftless
IA_Fayette;Driftless
IA_Chickasaw;North Iowan
IA_Floyd;North Iowan
IA_Cerro Gordo;North Iowan
IA_Franklin;North Iowan
IA_Butler;North Iowan
IA_Bremer;North Iowan
IA_Black Hawk;North Iowan
IA_Buchanan;Corridor Iowan
IA_Delaware;Driftless
IA_Dubuque;Driftless
IA_Jackson;Driftless
IA_Jones;Corridor Iowan
IA_Linn;Corridor Iowan
IA_Benton;Corridor Iowan
IA_Tama;Central Iowan
IA_Grundy;Central Iowan
IA_Hardin;Central Iowan
IA_Hamilton;Central Iowan
IA_Webster;Central Iowan
IA_Calhoun;Central Iowan
IA_Sac;North Iowan
IA_Ida;North Iowan
IA_Woodbury;Sioux
IA_Wonona;Omahan
IA_Crawford;Central Iowan
IA_Carroll;Central Iowan
IA_Greene;Central Iowan
IA_Boone;Central Iowan
IA_Story;Central Iowan
IA_Marshall;Central Iowan
IA_Jasper;Central Iowan
IA_Poweshiek;Central Iowan
IA_Iowa;Corridor Iowan
IA_Johnson;Corridor Iowan
IA_Cedar;Corridor Iowan
IA_Clinton;Northwest Illinoisan
IA_Scott;Northwest Illinoisan
IA_Muscaline;Corridor Iowan
IA_Louisa;Corridor Iowan
IA_Washington;Corridor Iowan
IA_Keokuk;Corridor Iowan
IA_Mahaska;Central Iowan
IA_Marion;Central Iowan
IA_Warren;Central Iowan
IA_Polk;Central Iowan
IA_Dallas;Central Iowan
IA_Guthrie;Central Iowan
IA_Audubon;Central Iowan
IA_Shelby;Central Iowan
IA_Harrison;Omahan
IA_Pottawattamie;Omahan
IA_Cass;Central Iowan
IA_Adair;Central Iowan
IA_Madison;Central Iowan
IA_Clarke;South Iowan
IA_Lucas;South Iowan
IA_Monroe;South Iowan
IA_Wapello;South Iowan
IA_Jefferson;South Iowan
IA_Henry;South Iowan
IA_Des Moines;South Iowan
IA_Lee;South Iowan
IA_Van Buren;South Iowan
IA_Davis;South Iowan
IA_Appanoose;South Iowan
IA_Wayne;South Iowan
IA_Decatur;South Iowan
IA_Ringgold;South Iowan
IA_Taylor;South Iowan
IA_Page;South Iowan
IA_Fremont;South Iowan
IA_Mills;Omahan
IA_Montgomery;South Iowan
IA_Adams;South Iowan
IA_Union;South Iowan
WI_Douglas;Highlands Wisconsinite
WI_Bayfield;Highlands Wisconsinite
WI_Ashland;Highlands Wisconsinite
WI_Iron;Highlands Wisconsinite
WI_Vilas;Highlands Wisconsinite
WI_Forest;Highlands Wisconsinite
WI_Florence;Highlands Wisconsinite
WI_Marinette;Highlands Wisconsinite
WI_Oconto;Highlands Wisconsinite
WI_Menominee;Highlands Wisconsinite
WI_Langlade;Highlands Wisconsinite
WI_Oneida;Highlands Wisconsinite
WI_Price;Highlands Wisconsinite
WI_Sawyer;Highlands Wisconsinite
WI_Washburn;Highlands Wisconsinite
WI_Burnett;Highlands Wisconsinite
WI_Polk;Highlands Wisconsinite
WI_Barron;Highlands Wisconsinite
WI_Rusk;Highlands Wisconsinite
WI_Taylor;Highlands Wisconsinite
WI_Lincoln;Highlands Wisconsinite
WI_Marathon;Highlands Wisconsinite
WI_Shawano;Highlands Wisconsinite
WI_Brown;Fox Wisconsinite
WI_Kewaunee;Fox Wisconsinite
WI_Door;Highlands Wisconsinite
WI_Manitowoc;Fox Wisconsinite
WI_Calumet;Fox Wisconsinite
WI_Outgamie;Fox Wisconsinite
WI_Waupaca;Fox Wisconsinite
WI_Portage;Highlands Wisconsinite
WI_Wood;Highlands Wisconsinite
WI_Clark;Highlands Wisconsinite
WI_Chippewa;Driftless
WI_Dunn;Driftless
WI_Saint Croix;Minnea-Paulite
WI_Pierce;Minnea-Paulite
WI_Pepin;Driftless
WI_Buffalo;Driftless
WI_Trempealeau;Driftless
WI_Eau Claire;Driftless
WI_Jackson;Driftless
WI_Monroe;Driftless
WI_Juneau;Driftless
WI_Adams;Fox Wisconsinite
WI_Waushara;Fox Wisconsinite
WI_Winnebago;Fox Wisconsinite
WI_Fond du Lac;Fox Wisconsinite
WI_Sheboygan;Fox Wisconsinite
WI_Ozaukee;Milwaukeean
WI_Washington;Milwaukeean
WI_Dodge;Milwaukeean
WI_Green Lake;Fox Wisconsinite
WI_Marquette;Fox Wisconsinite
WI_Columbia;Madisonian
WI_Sauk;Madisonian
WI_Vernon;Driftless
WI_La Crosse;Driftless
WI_Crawford;Driftless
WI_Richland;Driftless
WI_Grant;Driftless
WI_Iowa;Madisonian
WI_Dane;Madisonian
WI_Jefferson;Milwaukeean
WI_Waukesha;Milwaukeean
WI_Milwaukee;Milwaukeean
WI_Racine;Milwaukeean
WI_Kenosha;Chicagolander
WI_Walworth;Milwaukeean
WI_Rock;Madisonian
WI_Green;Madisonian
WI_Lafayette;Driftless
CA_Del Norte;North Coast
CA_Siskiyou;Shasta
CA_Modoc;Shasta
CA_Lassen;Shasta
CA_Shasta;Shasta
CA_Trinity;Shasta
CA_Humboldt;North Coast
CA_Mendocino;North Coast
CA_Tehama;Shasta
CA_Plumas;Shasta
CA_Sierra;Shasta
CA_Nevada;Shasta
CA_Yuba;Shasta
CA_Butte;Shasta
CA_Glenn;Shasta
CA_Colusa;Shasta
CA_Lake;North Coast
CA_Sonoma;Baysider
CA_Napa;Baysider
CA_Yolo;Sacramentan
CA_Sutter;Shasta
CA_Placer;Sacramentan
CA_El Dorado;Sacramentan
CA_Alpne;Sierran
CA_Amador;Sierran
CA_Sacramento;Sacramentan
CA_Solano;Baysider
CA_Marin;Baysider
CA_San Francisco;Baysider
CA_San Mateo;Baysider
CA_Santa Cruz;Central Coast
CA_Santa Clara;Baysider
CA_Alameda;Baysider
CA_Contra Costa;Baysider
CA_San Joaquin;San Joaquinese
CA_Calaveras;Sierran
CA_Tuolumne;Sierran
CA_Mono;Inland Imperial
CA_Inyo;Inland Imperial
CA_Tulare;San Joaquinese
CA_Kings;San Joaquinese
CA_Fresno;San Joaquinese
CA_Madera;San Joaquinese
CA_Mariposa;Sierran
CA_Stanislaus;San Joaquinese
CA_Merced;San Joaquinese
CA_San Benito;Central Coast
CA_Monterey;Central Coast
CA_San Juis Obispo;Central Coast
CA_Santa Barbara;Central Coast
CA_Ventura;Angeleno
CA_Los Angeles;Angeleno
CA_Orange;Angeleno
CA_San Diego;San Diegan
CA_Imperial;Inland Imperial
CA_Riverside;Inland Imperial
CA_San Bernadino;Inland Imperial
CA_Kern;San Joaquinese
MN_Kittson;Fargoan
MN_Roseau;Fargoan
MN_Lake of the Woods;None
MN_Koochiching;None
MN_Saint Louis;None
MN_Lake;None
MN_Cook;None
MN_Carlton;None
MN_Aitkin;None
MN_Itasca;None
MN_Beltrami;None
MN_Marshall;Fargoan
MN_Polk;Fargoan
MN_Red Lake;Fargoan
MN_Pennington;Fargoan
MN_Clearwater;None
MN_Mahnomen;Fargoan
MN_Norman;Fargoan
MN_Clay;Fargoan
MN_Becker;Central Minnesotan
MN_Hubbard;Central Minnesotan
MN_Cass;Central Minnesotan
MN_Crow Wing;Central Minnesotan
MN_Mille Lacs;Central Minnesotan
MN_Kanabe;None
MN_Pine;None
MN_Chisago;Minnea-Paulite
MN_Isanti;Minnea-Paulite
MN_Sherburne;Minnea-Paulite
MN_Benton;Central Minnesotan
MN_Morrison;Central Minnesotan
MN_Todd;Central Minnesotan
MN_Wadena;Central Minnesotan
MN_Otter Tail;Central Minnesotan
MN_Wilkin;Fargoan
MN_Traverse;River Minnesotan
MN_Big Stone;River Minnesotan
MN_Lac qui Parle;River Minnesotan
MN_Chippewa;River Minnesotan
MN_Swift;River Minnesotan
MN_Stevens;River Minnesotan
MN_Grant;River Minnesotan
MN_Douglas;Central Minnesotan
MN_Pope;River Minnesotan
MN_Steams;Central Minnesotan
MN_Kandiyohi;River Minnesotan
MN_Meeker;River Minnesotan
MN_Wright;Minnea-Paulite
MN_Hennepin;Minnea-Paulite
MN_Ramsey;Minnea-Paulite
MN_Anoka;Minnea-Paulite
MN_Washington;Minnea-Paulite
MN_Dakota;Minnea-Paulite
MN_Scott;Minnea-Paulite
MN_Carven;Minnea-Paulite
MN_McLeod;River Minnesotan
MN_Renville;River Minnesotan
MN_Yellow Medicine;River Minnesotan
MN_Lincoln;Sioux
MN_Lyon;Sioux
MN_Redwood;River Minnesotan
MN_Brown;River Minnesotan
MN_Nicollet;River Minnesotan
MN_Sibley;River Minnesotan
MN_Le Sueur;Minnea-Paulite
MN_Rice;South Minnesotan
MN_Goodhue;Driftless
MN_Wabasha;Driftless
MN_Winona;Driftless
MN_Olmsted;Driftless
MN_Dodge;South Minnesotan
MN_Waseca;South Minnesotan
MN_Blue Earth;South Minnesotan
MN_Watonwan;South Minnesotan
MN_Cottonwood;South Minnesotan
MN_Murray;Sioux
MN_Pipestone;Sioux
MN_Rock;Sioux
MN_Nobles;Sioux
MN_Jackson;South Minnesotan
MN_Martin;South Minnesotan
MN_Farlbault;South Minnesotan
MN_Freebom;South Minnesotan
MN_Mower;Driftless
MN_Fillmore;Driftless
MN_Houston;Driftless
OR_Clatsop;Western Oregonian
OR_Columbia;Portlander
OR_Multnomah;Portlander
OR_Hood River;Eastern Oregonian
OR_Wasco;Eastern Oregonian
OR_Sherman;Eastern Oregonian
OR_Gilliam;Eastern Oregonian
OR_Morrow;Eastern Oregonian
OR_Umatilla;Eastern Oregonian
OR_Union;Eastern Oregonian
OR_Wallowa;Eastern Oregonian
OR_Baker;Eastern Oregonian
OR_Grant;Eastern Oregonian
OR_Wheeler;Eastern Oregonian
OR_Jefferson;Eastern Oregonian
OR_Marion;Western Oregonian
OR_Clackamas;Portlander
OR_Washinton;Portlander
OR_Tillamook;Western Oregonian
OR_Yamhill;Portlander
OR_Polk;Western Oregonian
OR_Lincoln;Western Oregonian
OR_Benton;Western Oregonian
OR_Linn;Western Oregonian
OR_Lane;Western Oregonian
OR_Douglas;Western Oregonian
OR_Coos;Western Oregonian
OR_Curry;Western Oregonian
OR_Jospehine;Western Oregonian
OR_Jackson;Western Oregonian
OR_Klamath;Eastern Oregonian
OR_Lake;Eastern Oregonian
OR_Deschutes;Eastern Oregonian
OR_Crook;Eastern Oregonian
OR_Harney;Eastern Oregonian
OR_Malheur;Eastern Oregonian
KS_Cheyenne;Drylands Kansan
KS_Rawlins;Drylands Kansan
KS_Decatur;Prarie Kansan
KS_Norton;Prarie Kansan
KS_Phillips;Prarie Kansan
KS_Smith;Prarie Kansan
KS_Jewell;Prarie Kansan
KS_Republic;Prarie Kansan
KS_Washington;Prarie Kansan
KS_Marshall;Prarie Kansan
KS_Nemaha;Prarie Kansan
KS_Brown;Prarie Kansan
KS_Doniphan;Prarie Kansan
KS_Atchison;Kansapolitan
KS_Jackson;Kansapolitan
KS_Pottawatomie;Kansapolitan
KS_Riley;Kansapolitan
KS_Clay;Prarie Kansan
KS_Cloud;Prarie Kansan
KS_Mitchell;Prarie Kansan
KS_Osborne;Prarie Kansan
KS_Rooks;Prarie Kansan
KS_Graham;Drylands Kansan
KS_Sheridan;Drylands Kansan
KS_Thomas;Drylands Kansan
KS_Sherman;Drylands Kansan
KS_Wallace;Drylands Kansan
KS_Logan;Drylands Kansan
KS_Gove;Drylands Kansan
KS_Trego;Drylands Kansan
KS_Ellis;Prarie Kansan
KS_Russell;Prarie Kansan
KS_Lincoln;Prarie Kansan
KS_Ottawa;Prarie Kansan
KS_Dickinson;Prarie Kansan
KS_Geary;Kansapolitan
KS_Wabaunsee;Kansapolitan
KS_Shawnee;Kansapolitan
KS_Jefferson;Kansapolitan
KS_Leavenworth;Kansapolitan
KS_Wyandotte;Kansapolitan
KS_Johnson;Kansapolitan
KS_Douglas;Kansapolitan
KS_Franklin;Kansapolitan
KS_Osage;Kansapolitan
KS_Lyon;Prarie Kansan
KS_Morris;Prarie Kansan
KS_Marion;Prarie Kansan
KS_McPherson;Prarie Kansan
KS_Saline;Prarie Kansan
KS_Ellsworth;Prarie Kansan
KS_Barton;Prarie Kansan
KS_Rush;Prarie Kansan
KS_Ness;Drylands Kansan
KS_Lane;Drylands Kansan
KS_Scott;Drylands Kansan
KS_Wichita;Drylands Kansan
KS_Greeley;Drylands Kansan
KS_Hamilton;Drylands Kansan
KS_Kearny;Drylands Kansan
KS_Finney;Drylands Kansan
KS_Hodgeman;Drylands Kansan
KS_Pawnee;Prarie Kansan
KS_Stafford;Prarie Kansan
KS_Rice;Prarie Kansan
KS_Reno;Prarie Kansan
KS_Harvey;Wichitan
KS_Butler;Wichitan
KS_Shase;Prarie Kansan
KS_Greenwood;Prarie Kansan
KS_Coffey;Prarie Kansan
KS_Anderson;Prarie Kansan
KS_Miami;Kansapolitan
KS_Linn;Kansapolitan
KS_Bourbon;Prarie Kansan
KS_Crawford;West Ozark
KS_Cherokee;West Ozark
KS_Allen;Prarie Kansan
KS_Woodson;Prarie Kansan
KS_Wilson;Prarie Kansan
KS_Neosho;Prarie Kansan
KS_Labette;Prarie Kansan
KS_Montgomery;Prarie Kansan
KS_Chautauqua;Prarie Kansan
KS_Elk;Prarie Kansan
KS_Cowley;Wichitan
KS_Sumner;Wichitan
KS_Harper;Prarie Kansan
KS_Barber;Drylands Kansan
KS_Comanche;Drylands Kansan
KS_Clark;Drylands Kansan
KS_Meade;Drylands Kansan
KS_Seward;Drylands Kansan
KS_Stevens;Drylands Kansan
KS_Morton;Drylands Kansan
KS_Stanton;Drylands Kansan
KS_Grant;Drylands Kansan
KS_Haskell;Drylands Kansan
KS_Gray;Drylands Kansan
KS_Ford;Drylands Kansan
KS_Edwards;Prarie Kansan
KS_Kiowa;Drylands Kansan
KS_Pratt;Drylands Kansan
KS_Kingman;Prarie Kansan
KS_Sedgwick;Wichitan
WV_Hancock;Pittsburgher
WV_Brooke;Pittsburgher
WV_Ohio;Central West Virginian
WV_Marshall;Central West Virginian
WV_Wetzel;Central West Virginian
WV_Tyler;Central West Virginian
WV_Pleasants;Central West Virginian
WV_Wood;Central West Virginian
WV_Jackson;Charleston Appalachian
WV_Mason;Charleston Appalachian
WV_Cabell;Charleston Appalachian
WV_Wayne;Charleston Appalachian
WV_Lincoln;Charleston Appalachian
WV_Putnam;Charleston Appalachian
WV_Kanawha;Charleston Appalachian
WV_Roane;Central West Virginian
WV_Wirt;Central West Virginian
WV_Ritchie;Central West Virginian
WV_Doddridge;Central West Virginian
WV_Harrison;Central West Virginian
WV_Marion;Central West Virginian
WV_Monongalia;Central West Virginian
WV_Preston;Central West Virginian
WV_Taylor;Central West Virginian
WV_Barbour;Central West Virginian
WV_Upshur;Central West Virginian
WV_Lewis;Central West Virginian
WV_Gilmer;Central West Virginian
WV_Calhoun;Central West Virginian
WV_Clay;Central West Virginian
WV_Nicholas;Central West Virginian
WV_Fayette;South West Virginian
WV_Raleigh;South West Virginian
WV_Boone;Charleston Appalachian
WV_Logan;Charleston Appalachian
WV_Mingo;Charleston Appalachian
WV_McDowell;South West Virginian
WV_Wyoming;South West Virginian
WV_Mercer;South West Virginian
WV_Summers;South West Virginian
WV_Monroe;South West Virginian
WV_Greenbrier;South West Virginian
WV_Pocahontas;Shenandoah
WV_Webster;Central West Virginian
WV_Braxton;Central West Virginian
WV_Randolph;Shenandoah
WV_Tucker;Shenandoah
WV_Grant;Shenandoah
WV_Mineral;Shenandoah
WV_Jefferson;Shenandoah
WV_Berkeley;Shenandoah
WV_Morgan;Shenandoah
WV_Hampshire;Shenandoah
WV_Hardy;Shenandoah
WV_Pendleton;Shenandoah
NV_Washoe;Renoite
NV_Humboldt;North Nevadan
NV_Elko;North Nevadan
NV_White Pine;North Nevadan
NV_Eureka;North Nevadan
NV_Lander;North Nevadan
NV_Pershing;North Nevadan
NV_Churchill;North Nevadan
NV_Stoney;Renoite
NV_Carson City;Renoite
NV_Douglas;Renoite
NV_Lyon;Renoite
NV_Mineral;South Nevadan
NV_Esmeralda;South Nevadan
NV_Nye;South Nevadan
NV_Lincoln;South Nevadan
NV_Clark;Las Vegan
NE_Sioux;Drylands Nebraskan
NE_Box Butte;Drylands Nebraskan
NE_Dawes;Drylands Nebraskan
NE_Sheridan;Drylands Nebraskan
NE_Cherry;Drylands Nebraskan
NE_Brown;Drylands Nebraskan
NE_Rock;Drylands Nebraskan
NE_Keya Paha;Drylands Nebraskan
NE_Boyd;Drylands Nebraskan
NE_Holt;Drylands Nebraskan
NE_Antelope;Prarie Nebraskan
NE_Pierce;Prarie Nebraskan
NE_Knox;Prarie Nebraskan
NE_Cedar;Prarie Nebraskan
NE_Wayne;Prarie Nebraskan
NE_Dixon;Sioux
NE_Dakota;Sioux
NE_Thurston;Sioux
NE_Burton;Omahan
NE_Cuming;Prarie Nebraskan
NE_Stanton;Prarie Nebraskan
NE_Madison;Prarie Nebraskan
NE_Boone;Prarie Nebraskan
NE_Wheeler;Drylands Nebraskan
NE_Garfield;Drylands Nebraskan
NE_Loup;Drylands Nebraskan
NE_Blaine;Drylands Nebraskan
NE_Thomas;Drylands Nebraskan
NE_Hooker;Drylands Nebraskan
NE_Grant;Drylands Nebraskan
NE_Garden;Drylands Nebraskan
NE_Morrill;Drylands Nebraskan
NE_Scotts Bluff;Drylands Nebraskan
NE_Banner;Drylands Nebraskan
NE_Kimball;Drylands Nebraskan
NE_Cheyenne;Drylands Nebraskan
NE_Deuel;Drylands Nebraskan
NE_Keith;Drylands Nebraskan
NE_Arthur;Drylands Nebraskan
NE_McPherson;Drylands Nebraskan
NE_Logan;Drylands Nebraskan
NE_Custer;Drylands Nebraskan
NE_Valley;Drylands Nebraskan
NE_Greeley;Drylands Nebraskan
NE_Nance;Prarie Nebraskan
NE_Platte;Prarie Nebraskan
NE_Colfax;Prarie Nebraskan
NE_Dodge;Omahan
NE_Washington;Omahan
NE_Douglas;Omahan
NE_Sarpy;Omahan
NE_Saunders;Omahan
NE_Butler;Prarie Nebraskan
NE_Polk;Prarie Nebraskan
NE_Merrick;Prarie Nebraskan
NE_Howard;Prarie Nebraskan
NE_Sherman;Drylands Nebraskan
NE_Buffalo;Prarie Nebraskan
NE_Dawson;Drylands Nebraskan
NE_Lincoln;Drylands Nebraskan
NE_Perkins;Drylands Nebraskan
NE_Chase;Drylands Nebraskan
NE_Hayes;Drylands Nebraskan
NE_Frontier;Drylands Nebraskan
NE_Gosper;Drylands Nebraskan
NE_Phelps;Prarie Nebraskan
NE_Kearney;Prarie Nebraskan
NE_Adams;Prarie Nebraskan
NE_Hall;Prarie Nebraskan
NE_Hamilton;Prarie Nebraskan
NE_York;Prarie Nebraskan
NE_Seward;Prarie Nebraskan
NE_Lancaster;Prarie Nebraskan
NE_Cass;Omahan
NE_Otoe;Prarie Nebraskan
NE_Nemaha;Prarie Nebraskan
NE_Richardson;Prarie Nebraskan
NE_Pawnee;Prarie Nebraskan
NE_Johnson;Prarie Nebraskan
NE_Gage;Prarie Nebraskan
NE_Saline;Prarie Nebraskan
NE_Jefferson;Prarie Nebraskan
NE_Thayer;Prarie Nebraskan
NE_Fillmore;Prarie Nebraskan
NE_Clay;Prarie Nebraskan
NE_Nuckolls;Prarie Nebraskan
NE_Webster;Prarie Nebraskan
NE_Franklin;Prarie Nebraskan
NE_Harlan;Prarie Nebraskan
NE_Furnas;Prarie Nebraskan
NE_Red Willow;Prarie Nebraskan
NE_Hitchcock;Drylands Nebraskan
NE_Dundy;Drylands Nebraskan
CO_Moffat;Northwestern Coloradan
CO_Routt;Northwestern Coloradan
CO_Jackson;Northwestern Coloradan
CO_Larimer;Front Ranger
CO_Logan;Eastern Coloradan
CO_Sedgwick;Eastern Coloradan
CO_Phillips;Eastern Coloradan
CO_Yuma;Eastern Coloradan
CO_Washington;Eastern Coloradan
CO_Morgan;Eastern Coloradan
CO_Weld;Front Ranger
CO_Broomfield;Front Ranger
CO_Boulder;Front Ranger
CO_Gilpin;Front Ranger
CO_Clear Creek;Front Ranger
CO_Grand;Northwestern Coloradan
CO_Summit;Northwestern Coloradan
CO_Eagle;Northwestern Coloradan
CO_Garfield;Northwestern Coloradan
CO_Rio Blanco;Northwestern Coloradan
CO_Mesa;Southwestern Coloradan
CO_Pitkin;Southwestern Coloradan
CO_Lake;Southwestern Coloradan
CO_Park;Front Ranger
CO_Jefferson;Front Ranger
CO_Denver;Front Ranger
CO_Adams;Front Ranger
CO_Arapahoe;Front Ranger
CO_Douglas;Front Ranger
CO_Elbert;Front Ranger
CO_Lincoln;Eastern Coloradan
CO_Kit Carson;Eastern Coloradan
CO_Cheyenne;Eastern Coloradan
CO_Kiowa;Eastern Coloradan
CO_Crowley;Eastern Coloradan
CO_Pueblo;Springs Coloradan
CO_El Paso;Springs Coloradan
CO_Teller;Springs Coloradan
CO_Fremont;Springs Coloradan
CO_Chafee;Southwestern Coloradan
CO_Gunnison;Southwestern Coloradan
CO_Delta;Southwestern Coloradan
CO_Montrose;Southwestern Coloradan
CO_San Miguel;Southwestern Coloradan
CO_Dolores;Southwestern Coloradan
CO_Montezuma;Southwestern Coloradan
CO_La Plata;Southwestern Coloradan
CO_San Juan;Southwestern Coloradan
CO_Ouray;Southwestern Coloradan
CO_Hinsdale;Southwestern Coloradan
CO_Mineral;Southwestern Coloradan
CO_Saguache;Southwestern Coloradan
CO_Custer;Southwestern Coloradan
CO_Huerfano;Southwestern Coloradan
CO_Alamosa;Southwestern Coloradan
CO_Rio Grande;Southwestern Coloradan
CO_Archuleta;Southwestern Coloradan
CO_Conejos;Southwestern Coloradan
CO_Costilla;Southwestern Coloradan
CO_Las Animas;Eastern Coloradan
CO_Baca;Eastern Coloradan
CO_Prowers;Eastern Coloradan
CO_Bent;Eastern Coloradan
CO_Otero;Eastern Coloradan
ND_Divide;North Dakotan
ND_Burke;North Dakotan
ND_Renville;North Dakotan
ND_Bottineau;North Dakotan
ND_Rolette;North Dakotan
ND_Towner;North Dakotan
ND_Cavalier;Fargoan
ND_Pembina;Fargoan
ND_Walsh;Fargoan
ND_Ramsey;North Dakotan
ND_Benson;North Dakotan
ND_Pierce;North Dakotan
ND_McHenry;North Dakotan
ND_Ward;North Dakotan
ND_Mountrail;North Dakotan
ND_Williams;North Dakotan
ND_McKenzie;North Dakotan
ND_Dunn;North Dakotan
ND_Mercer;North Dakotan
ND_McLean;North Dakotan
ND_Sheridan;North Dakotan
ND_Wells;North Dakotan
ND_Foster;North Dakotan
ND_Eddy;North Dakotan
ND_Nelson;North Dakotan
ND_Grand Forks;Fargoan
ND_Traill;Fargoan
ND_Cass;Fargoan
ND_Steele;North Dakotan
ND_Griggs;North Dakotan
ND_Barnes;North Dakotan
ND_Stutsman;North Dakotan
ND_Kidder;North Dakotan
ND_Burleigh;North Dakotan
ND_Oliver;North Dakotan
ND_Morton;North Dakotan
ND_Stark;North Dakotan
ND_Billings;North Dakotan
ND_Golden Valley;North Dakotan
ND_Slope;North Dakotan
ND_Bowman;North Dakotan
ND_Adams;North Dakotan
ND_Hettinger;North Dakotan
ND_Grant;North Dakotan
ND_Sioux;North Dakotan
ND_Emmons;North Dakotan
ND_Logan;North Dakotan
ND_La Moure;North Dakotan
ND_Ransom;North Dakotan
ND_Richland;Fargoan
ND_Sargent;North Dakotan
ND_Dickey;North Dakotan
ND_McIntosh;North Dakotan
SD_Harding;South Minnesotan
SD_Perkins;South Minnesotan
SD_Corson;South Minnesotan
SD_Campbell;South Minnesotan
SD_McPherson;South Minnesotan
SD_Brown;South Minnesotan
SD_Marshall;South Minnesotan
SD_Roberts;River Minnesotan
SD_Grant;River Minnesotan
SD_Day;South Minnesotan
SD_Clark;South Minnesotan
SD_Spink;South Minnesotan
SD_Faulk;South Minnesotan
SD_Edmunds;South Minnesotan
SD_Walworth;South Minnesotan
SD_Potter;South Minnesotan
SD_Dewey;South Minnesotan
SD_Ziebach;South Minnesotan
SD_Meade;South Minnesotan
SD_Butte;South Minnesotan
SD_Lawrence;South Minnesotan
SD_Pennington;South Minnesotan
SD_Haakon;South Minnesotan
SD_Stanley;South Minnesotan
SD_Hughes;South Minnesotan
SD_Sully;South Minnesotan
SD_Hyde;South Minnesotan
SD_Hand;South Minnesotan
SD_Beadle;South Minnesotan
SD_Kingsbury;Sioux
SD_Hamlin;Sioux
SD_Codington;Sioux
SD_Deuel;Sioux
SD_Brookings;Sioux
SD_Moody;Sioux
SD_Lake;Sioux
SD_Miner;Sioux
SD_Sanborn;South Minnesotan
SD_Jerauld;South Minnesotan
SD_Buffalo;South Minnesotan
SD_Lyman;South Minnesotan
SD_Jones;South Minnesotan
SD_Jackson;South Minnesotan
SD_Oglala Lakota;South Minnesotan
SD_Custer;South Minnesotan
SD_Fall River;South Minnesotan
SD_Bennett;South Minnesotan
SD_Todd;South Minnesotan
SD_Mellette;South Minnesotan
SD_Tripp;South Minnesotan
SD_Gregory;South Minnesotan
SD_Charles Mix;South Minnesotan
SD_Brule;South Minnesotan
SD_Aurora;South Minnesotan
SD_Davison;South Minnesotan
SD_Hanson;South Minnesotan
SD_McCook;Sioux
SD_Minnehaha;Sioux
SD_Lincoln;Sioux
SD_Turner;Sioux
SD_Hutchinson;South Minnesotan
SD_Douglas;South Minnesotan
SD_Bon Homme;South Minnesotan
SD_Yankton;South Minnesotan
SD_Clay;Sioux
SD_Union;Sioux
MT_Lincoln;Montanan
MT_Flathead;Montanan
MT_Glacier;Montanan
MT_Toole;Montanan
MT_Liberty;Montanan
MT_Hill;Montanan
MT_Blaine;Montanan
MT_Phillips;Montanan
MT_Valley;Montanan
MT_Daniels;Montanan
MT_Sheridan;Montanan
MT_Roosevelt;Montanan
MT_Richland;Montanan
MT_McCone;Montanan
MT_Garfield;Montanan
MT_Petroleum;Montanan
MT_Fergus;Montanan
MT_Chouteau;Montanan
MT_Pondera;Montanan
MT_Teton;Montanan
MT_Lewis and Clark;Montanan
MT_Powell;Montanan
MT_Lake;Montanan
MT_Sanders;Montanan
MT_Mineral;Montanan
MT_Missoula;Montanan
MT_Granite;Montanan
MT_Der Lodge;Montanan
MT_Silver Bow;Montanan
MT_Jefferson;Montanan
MT_Broadwater;Montanan
MT_Meagher;Montanan
MT_Cascade;Montanan
MT_Judith Basin;Montanan
MT_Wheatland;Montanan
MT_Golden Valley;Montanan
MT_Musselshell;Montanan
MT_Rosebud;Montanan
MT_Custer;Montanan
MT_Prarie;Montanan
MT_Dawson;Montanan
MT_Wibaux;Montanan
MT_Fallon;Montanan
MT_Carter;Montanan
MT_Powder River;Montanan
MT_Big Horn;Montanan
MT_Treasure;Montanan
MT_Yellowstone;Montanan
MT_Carbon;Montanan
MT_Stillwater;Montanan
MT_Sweet Grass;Montanan
MT_Park;Montanan
MT_Gallatin;Montanan
MT_Madison;Montanan
MT_Beaverhead;Montanan
MT_Ravialli;Montanan
WA_San Juan;West Washingtonian
WA_Island;West Washingtonian
WA_Kitsau;West Washingtonian
WA_Clallam;West Washingtonian
WA_Jefferson;West Washingtonian
WA_Grays Harbor;West Washingtonian
WA_Mason;West Washingtonian
WA_Thurston;West Washingtonian
WA_Pierce;Seattleite
WA_King;Seattleite
WA_Smohomish;Seattleite
WA_Skagit;West Washingtonian
WA_Whalcom;West Washingtonian
WA_Okanogan;East Washingtonian
WA_Ferry;East Washingtonian
WA_Stevens;Spokanite
WA_Pend Oreille;Spokanite
WA_Spokane;Spokanite
WA_Lincoln;East Washingtonian
WA_Grant;East Washingtonian
WA_Douglas;East Washingtonian
WA_Chelan;East Washingtonian
WA_Kittitlas;East Washingtonian
WA_Yakima;East Washingtonian
WA_Lewis;West Washingtonian
WA_Pacific;West Washingtonian
WA_Wahklakum;West Washingtonian
WA_Cowlitz;West Washingtonian
WA_Clark;Portlander
WA_Skamania;Portlander
WA_Kickitat;East Washingtonian
WA_Benton;East Washingtonian
WA_Franklin;East Washingtonian
WA_Adams;East Washingtonian
WA_Whitman;East Washingtonian
WA_Asotin;East Washingtonian
WA_Garfield;East Washingtonian
WA_Columbia;East Washingtonian
WA_Walla Walla;East Washingtonian
ID_Boundary;Spokanite
ID_Bonner;Spokanite
ID_Kootenai;Spokanite
ID_Benewah;Idahoan
ID_Shonshone;Idahoan
ID_Clearwater;Idahoan
ID_Latah;Idahoan
ID_Nez Perce;Idahoan
ID_Lewis;Idahoan
ID_Idaho;Idahoan
ID_Adams;Idahoan
ID_Valley;Idahoan
ID_Lemhi;Idahoan
ID_Clark;Idahoan
ID_Fremont;Idahoan
ID_Teton;Idahoan
ID_Madison;Idahoan
ID_Jefferson;Idahoan
ID_Butte;Idahoan
ID_Custer;Idahoan
ID_Boise;Bosiean
ID_Gem;Bosiean
ID_Washington;Idahoan
ID_Payette;Bosiean
ID_Canyon;Bosiean
ID_Ada;Bosiean
ID_Elmore;Bosiean
ID_Camas;Idahoan
ID_Blaine;Idahoan
ID_Bingham;Idahoan
ID_Bonneville;Idahoan
ID_Caribou;Idahoan
ID_Bear Lake;Idahoan
ID_Franklin;Idahoan
ID_Oneida;Idahoan
ID_Bannock;Idahoan
ID_Power;Idahoan
ID_Cassia;Idahoan
ID_Minidoka;Idahoan
ID_Lincoln;Idahoan
ID_Gooding;Idahoan
ID_Jerome;Idahoan
ID_Twin Falls;Idahoan
ID_Owyhee;Bosiean
WY_Park;Wyomingite
WY_Big Horn;Wyomingite
WY_Heridan;Wyomingite
WY_Campbell;Wyomingite
WY_Crook;Wyomingite
WY_Weston;Wyomingite
WY_Niobara;Wyomingite
WY_Converse;Wyomingite
WY_Natrona;Wyomingite
WY_Johnson;Wyomingite
WY_Washakie;Wyomingite
WY_Hot Springs;Wyomingite
WY_Fremont;Wyomingite
WY_Sublette;Wyomingite
WY_Teton;Wyomingite
WY_Lincoln;Wyomingite
WY_Uinta;Wyomingite
WY_Sweetwater;Wyomingite
WY_Carbon;Wyomingite
WY_Albany;Wyomingite
WY_Platte;Wyomingite
WY_Goshen;Wyomingite
WY_Laramie;Wyomingite
WY_Laramie;None
UT_Box Elder;Ogdenite
UT_Cache;Northeast Utahn
UT_Rich;Northeast Utahn
UT_Morgan;Ogdenite
UT_Weber;Ogdenite
UT_Davis;Ogdenite
UT_Salt Lake;Salt Laker
UT_Tooele;Salt Laker
UT_Utah;Provoan
UT_Wasatch;Northeast Utahn
UT_Summit;Northeast Utahn
UT_Daggett;Northeast Utahn
UT_Uintah;Northeast Utahn
UT_Duchesne;Northeast Utahn
UT_Carbon;Northeast Utahn
UT_Sanpete;South Utahn
UT_Juab;Provoan
UT_Millard;South Utahn
UT_Sevier;South Utahn
UT_Emery;South Utahn
UT_Grand;South Utahn
UT_San Juan;South Utahn
UT_Wayne;South Utahn
UT_Piute;South Utahn
UT_Beaver;South Utahn
UT_Iron;South Utahn
UT_Garfield;South Utahn
UT_Kane;South Utahn
UT_Washington;South Utahn
OK_Cimarron;Red Carpet Oklahoman
OK_Texas;Red Carpet Oklahoman
OK_Beaver;Red Carpet Oklahoman
OK_Harper;Red Carpet Oklahoman
OK_Woods;Red Carpet Oklahoman
OK_Alfalfa;Red Carpet Oklahoman
OK_Grant;Red Carpet Oklahoman
OK_Kay;Red Carpet Oklahoman
OK_Osage;Tulsan
OK_Washington;Tulsan
OK_Nowata;Tulsan
OK_Craig;West Ozark
OK_Ottawa;West Ozark
OK_Delaware;West Ozark
OK_Mayes;West Ozark
OK_Rogers;Tulsan
OK_Tulda;Tulsan
OK_Creek;Tulsan
OK_Pawnee;Tulsan
OK_Noble;Red Carpet Oklahoman
OK_Garfield;Red Carpet Oklahoman
OK_Major;Red Carpet Oklahoman
OK_Woodward;Red Carpet Oklahoman
OK_Ellis;Red Carpet Oklahoman
OK_Roger Mills;Southwest Oklahoman
OK_Dewey;Red Carpet Oklahoman
OK_Blaine;Red Carpet Oklahoman
OK_Kingfisher;Red Carpet Oklahoman
OK_Logan;Oklahoma Cityan
OK_Payne;Red Carpet Oklahoman
OK_Lincoln;Oklahoma Cityan
OK_Okfuskee;Little Dixie
OK_Okmulgee;Tulsan
OK_Muskogee;Tulsan
OK_Wagoner;Tulsan
OK_Cherokee;West Ozark
OK_Adair;West Ozark
OK_Sequoyah;West Ozark
OK_Haskell;Little Dixie
OK_McIntosh;Little Dixie
OK_Hughes;Little Dixie
OK_Seminole;Little Dixie
OK_Pottawatomie;Oklahoma Cityan
OK_Cleveland;Oklahoma Cityan
OK_Oklahoma;Oklahoma Cityan
OK_Canadian;Oklahoma Cityan
OK_Caddo;Southwest Oklahoman
OK_Custer;Southwest Oklahoman
OK_Beckham;Southwest Oklahoman
OK_Washita;Southwest Oklahoman
OK_Kiowa;Southwest Oklahoman
OK_Greer;Southwest Oklahoman
OK_Harmon;Southwest Oklahoman
OK_Jackson;Southwest Oklahoman
OK_Tillman;Southwest Oklahoman
OK_Comanche;Southwest Oklahoman
OK_Grady;Oklahoma Cityan
OK_McClain;Oklahoma Cityan
OK_Pontotoc;Little Dixie
OK_Coal;Little Dixie
OK_Pittsburg;Little Dixie
OK_Latimer;Little Dixie
OK_Le Flore;Little Dixie
OK_Pushmataha;Little Dixie
OK_Atoka;Little Dixie
OK_Johnston;Little Dixie
OK_Murray;Southwest Oklahoman
OK_Garvin;Southwest Oklahoman
OK_Stephens;Southwest Oklahoman
OK_Cotton;Southwest Oklahoman
OK_Jefferson;Southwest Oklahoman
OK_Carter;Southwest Oklahoman
OK_Love;Southwest Oklahoman
OK_Marshall;Little Dixie
OK_Bryan;Little Dixie
OK_Choctaw;Little Dixie
OK_McCurtain;Little Dixie
NM_San Juan;North New Mexican
NM_Rio Arriba;North New Mexican
NM_Taos;North New Mexican
NM_Colfax;North New Mexican
NM_Union;North New Mexican
NM_Harding;North New Mexican
NM_Mora;North New Mexican
NM_Santa Fe;North New Mexican
NM_Los Alamos;North New Mexican
NM_Sandoval;Burqueno
NM_McKinley;North New Mexican
NM_Cibola;North New Mexican
NM_Bernalillo;Burqueno
NM_Valencia;Burqueno
NM_Torrance;Burqueno
NM_Man Miguel;North New Mexican
NM_Quay;North New Mexican
NM_Guadalupe;North New Mexican
NM_Lincoln;South New Mexican
NM_Socorro;South New Mexican
NM_Catron;South New Mexican
NM_Grant;South New Mexican
NM_Hidalgo;South New Mexican
NM_Luna;South New Mexican
NM_Dona Ana;South New Mexican
NM_Sierra;South New Mexican
NM_Otero;South New Mexican
NM_Eddy;South New Mexican
NM_Lea;South New Mexican
NM_Roosevelt;South New Mexican
NM_Curry;South New Mexican
NM_De Baca;South New Mexican
NM_Chaves;South New Mexican
AZ_Mohave;Arizonan
AZ_Coconino;Arizonan
AZ_Navajo;Arizonan
AZ_Apache;Arizonan
AZ_Greenlee;Arizonan
AZ_Graham;Arizonan
AZ_Gila;Arizonan
AZ_Yavapai;Arizonan
AZ_La Paz;Arizonan
AZ_Yuma;Arizonan
AZ_Maricopa;Phoenician
AZ_Pinai;Phoenician
AZ_Pima;Tusconian
AZ_Santa Cruz;Tusconian
AZ_Cochise;Arizonan
AK_North Slope;Frontier Alaskan
AK_Northwest Arctic;Frontier Alaskan
AK_Nome;Frontier Alaskan
AK_Wade Hampton;Frontier Alaskan
AK_Bethel;Frontier Alaskan
AK_Dillingham;Frontier Alaskan
AK_Lake And Peninsula;Frontier Alaskan
AK_Bristol Bay;Frontier Alaskan
AK_Aleutians East;Frontier Alaskan
AK_Aleutians West;Frontier Alaskan
AK_Kodiak;Central Alaskan
AK_Kodiak Coast;Central Alaskan
AK_Kenai Peninsula;Central Alaskan
AK_Anchorage;Central Alaskan
AK_Matanuska-Susitna;Central Alaskan
AK_Denali;Frontier Alaskan
AK_Fairbanks North Star;Frontier Alaskan
AK_Yukon-Koyukuk;Frontier Alaskan
AK_Southeast Fairbanks;Frontier Alaskan
AK_Copper River;Central Alaskan
AK_Yakutat;Southeast Alaskan
AK_Hoonah-Angoon;Southeast Alaskan
AK_Haines;Southeast Alaskan
AK_Skagway;Southeast Alaskan
AK_Juneau;Southeast Alaskan
AK_Sitka;Southeast Alaskan
AK_Petersburg;Southeast Alaskan
AK_Chugach;Central Alaskan
AK_Wrangell;Southeast Alaskan
AK_Pirince of Wales-Hyder;Southeast Alaskan
AK_Ketchican Gateway;Southeast Alaskan
HI_Hawaii;Hawaiian
HI_Maui;Hawaiian
HI_Honolulu;Hawaiian
HI_Kauai;Hawaiian
